-4.2770622485378995,10.678551074636424,22.59437034277611,-4.029105299843829,2.9970775794643902,-1.6127675241511126,0.5520693167626238,-7.813285792284321,15.68036733683196,6.644411467521048,-6.597971398666186,-5.465097754754106
-0.6113700805798188,3.951821166098828,13.521650273616242,-0.5169317834618732,0.17627319024386784,0.9961116596284771,-2.280161298796937,-5.121004775315374,11.84525348843901,-0.021262209782340946,1.3109379865760218,0.33331109460064745
0.5438762916185547,1.3327939986781767,7.233622533493174,-1.6381112419122925,0.08961346352225585,2.315881592819185,-2.143007340844682,-2.100111177425748,7.947135555835218,0.44579959983281636,1.0588903315566904,0.14227869092874457
0.6767745829896432,0.06398521812659208,2.6567582055104726,-2.390344652167422,-0.15419954124071056,3.0259565220950844,-0.8352292062566563,-0.4202610625636538,4.730237667453395,0.4875279731354425,0.6906714658711506,-0.009529389676373512
0.5520552072243863,-0.4448485780959359,0.12256591609354217,-2.9921708984626347,-0.3433549150924311,3.5765633125455807,0.04870320597531519,0.06545617087559563,2.936026482395011,0.6187462766578964,0.5356947142337001,-0.11263394178783415
0.14265608563108412,-0.4214551903900414,-0.5092111513574586,-1.8623834254258602,-1.2116212060966443,4.4332288950352945,0.44330048143870515,0.27252368777593894,2.6094351171264227,0.6041014984498174,0.4220309081311715,-0.14944863488559612
-0.2814331714985334,-0.11715872731493082,-0.4137630417881013,-0.7896761444580265,-2.3049901792464196,5.330408775014449,1.381538399708535,0.4016629202083726,2.5862278787504227,0.3416492794832715,0.27892044502589464,-0.11510914085698509
-0.6457002026979559,0.21080987074845137,-0.35431760232812337,-0.1486959071630065,-3.461292666626976,6.292238983199204,2.159991506058919,0.2533106540752481,2.612342067726333,0.18348369185578406,0.2360920527556507,-0.08108956329961359
-0.7789836380869763,0.5118382961386141,-0.25662899905652914,0.21425901844642192,-4.175670543946908,7.36913651157339,2.2930717036123514,0.3927755206394741,2.556249891657611,1.1087052679085962,-1.573556052663915,3.4228131145891236
-0.7106351063540179,0.525052150093229,-0.17765249811423267,0.7199076775359132,-4.208057866949527,8.379673803236354,1.8432439719889722,0.6546822025331673,2.4289648460200732,0.921338121753907,-1.289976298792058,4.05641528956072
14.840989793820338,2.1235072212783814,-5.818031684195416,16.20822423773859,3.2866326114375193,13.189088805977956,-1.4806670369560542,2.893361583450135,-14.548164879206757,-11.386954002217436,-0.8899685505965165,7.114817906588595
0.4126419662354248,-0.5647025511854427,0.48937383293987313,2.5544387402576474,0.4023860228013927,6.247079526879327,1.1414687316168464,0.5933325832185554,1.2247892944054275,-6.481196905729497,-2.119492451366166,8.863572232230585
5.399745335197565,-1.9456394498755243,3.3888631277447834,0.14421330044837433,-0.49996109644953624,4.111703535250519,-0.053352586922995826,0.4511306735991134,0.5551256782994933,-3.7734997884533583,-1.446690077963689,7.767848285871496
6.042317036823921,-1.9285102614046439,4.294646599310269,-0.19201590364099808,-0.7088687518485077,3.9558384311540085,-0.9767854899289432,0.5670267013578343,0.018069192958533264,-1.8862961452530287,-1.332319982111251,7.636427655414767
5.894050329398331,-1.3346312257706137,5.142737214688957,-0.1307242309833967,-0.6452927167342191,4.912403114166673,-1.279474514459587,0.6123310479790645,-0.21095402665057428,-1.138548288553277,-1.6393984999794045,7.746323880172067
4.351136174573638,-1.313756921343403,6.186938497813585,-0.45850155190826314,-0.12968842165140693,5.871650761530963,-1.1325926364917804,0.5264550177591669,-0.2700193180261401,-0.8265379243820004,-2.1520632134406372,7.682810553520482
3.4372469894838273,-1.7590122034238087,7.223540738863704,-1.5031237130242765,-0.016821997610756867,5.33816924884688,-0.8351348040788151,0.373848598533125,-0.2321708601931487,-0.19252314323601105,-2.2311308345869576,7.096775496888208
2.9476672452169312,-2.38660541497691,7.952362799386853,-1.9978643616054956,0.20169043819994403,4.776768055617017,-0.7902269168607368,0.29088827887239166,-0.24807511790075232,0.28480279219825055,-2.1421922699202023,6.2789447354996675
2.6601165332441994,-3.1478673433614413,8.313858796674934,-2.2047887915518274,0.3844132697064113,4.260927387729457,-0.800873006045492,0.27114577874285484,-0.2744487173198902,0.44986701297198994,-2.0829721170468805,5.432649854014114
2.5137211551539185,-3.965944835422942,8.323524955863085,-2.159524161642379,0.3770690379634152,3.802781078900469,-0.8193082472235058,0.3022630416378531,-0.2835599927888026,0.3203518605114142,-2.099165661846303,4.651370534239371
-18.84079986781301,-0.6401703138550445,-4.015156815238877,-5.07883744064976,0.4310981891608874,2.9340941451793565,1.1212668074647303,11.904138696790707,28.410118721081865,5.871216880546659,-2.927289443753171,21.92193701554787
1.9170384794689355,-0.21937566947596476,0.7021523310496214,-0.2049280184698432,0.7561984773587351,3.611062131575421,-1.417355354245639,-0.3798545638373714,-2.5508263238745617,1.2471351303676514,-0.02566368010613207,12.657908801103737
1.6889935077315705,-0.9053329127517875,0.6002353717155513,0.5653792126030597,0.30121680375262194,2.978814845467298,-0.45748948213609175,-0.5367129961388128,1.816969473687184,-0.15261016095508317,-0.012502977521140934,6.776974247302128
0.24213034852312987,-0.07249643157147467,0.16821254530093643,-0.17604560539067826,-0.567846599970002,4.118562243234557,1.1811201773310347,-0.1758883874322419,4.737355793218041,-0.29375515177965994,0.3931047123579603,2.092916535586731
-0.6004000447189508,-7.769465641388904,5.5785217793273025,-0.2743354528754054,-1.5985461697245764,5.924766485810792,0.4269678379723545,-0.3043023715201505,2.947507990257254,0.008757794203260172,-0.005880916872861519,-0.7210755712316397
-0.5958217683278129,-9.913834244562414,6.409926645468098,-0.621899175288144,-2.7429544860223514,6.52992627519146,-0.10889939423246542,-0.31910161972988993,1.6357807688119532,0.20408637867789725,-0.027291468731038826,-0.47800419600224275
-0.5504094965732893,-11.288296264903916,6.491954731094258,-0.5559955044774831,-3.6079825327526454,6.695036606990851,-0.5525633023679455,-0.3932364022040109,0.9824085766591466,0.2824857961290774,0.011663867740966616,-0.29778116110802966
-0.6002463848270807,-11.899037156669062,6.03326351295421,-0.26946137578447615,-4.2330468725111565,6.536229005471125,-0.874004506884011,-0.7524984533497459,0.23340503217095687,0.3606813398672244,0.05772160956416972,-0.19774818635350222
-0.8380200754275879,-11.912016407105812,5.248574924272659,0.06149400008110195,-4.68044197943639,6.203141475929542,-0.7383932583662702,-0.9385119409769973,-0.3991396620621632,0.36933870184290685,0.0992726322459232,-0.1287029361866745
-1.2466810728602695,-11.548002071497145,4.297644392677184,0.3786070942685047,-5.032037013865539,5.830274303746495,-0.5448836419138692,-0.9446824867105064,-0.5036580760075395,0.4130103119403059,0.13669607798782213,-0.09991005945751619
10.581890140589351,-11.170570630495725,1.291978509049149,1.8129490698778818,-19.68468485029151,-11.761457708539579,11.345584018414293,-0.9233109170526743,-1.1204679236883788,-7.295448344716748,12.961774310032604,11.44722167595558
5.278227797494599,-9.128109433814515,0.8583736890128186,-4.880593367314155,-13.005880027851571,-2.8586172434047192,-1.5928959819717479,0.43020141437089077,-0.11566552453071921,1.1608342412916604,-0.7516872749261556,-1.0379330946361627
4.683586998851364,-8.487559845228853,1.270606177198414,-4.957423537504195,-14.427929193451423,-2.9149331416163218,-1.3529714688340384,0.920393079904293,-0.05471165004320078,1.2806168354144907,-0.3764976736675574,-0.72350879000021
4.727198673869352,-7.902625349663939,2.084501821683026,-4.329296019853697,-15.341911243839231,-2.6221827066615333,-1.0493679403723988,0.7399594809826318,-0.008970102482486197,0.7681488853772729,-0.12396343696616441,0.004077487702513594
4.508194315617336,-7.281511587266214,3.0276902411465967,-4.136761110812712,-14.650077586405143,-0.8817830649690048,-0.9084462551008663,0.5646155979901832,-0.0413262219580357,0.9573446449743166,0.16624333109956635,-0.2161511737045032
4.272095696945693,-6.69810653798897,3.9759953809168405,-3.8772270824029285,-13.849123627899349,0.8455853956031234,-0.6999876846517665,0.36787291139140543,-0.05052333614277771,0.8438562259084268,0.20770175027492477,-0.13512240365381523
4.035814033019442,-6.153204729146665,4.913254777682285,-3.538195949753697,-12.977817802911805,2.4799640051494123,-0.5632701931614772,0.23130882321171975,-0.05993628849282828,0.7190700764714926,0.16875733515031333,-0.090116801278322
3.771866558820598,-5.662067064526836,5.754776687603258,-3.153903293790732,-12.112038078511338,3.9111210923836737,-0.46979436169218225,0.13628506842716304,-0.06642177378366121,0.6006059596636084,0.10233378965457485,-0.06354247650549638
3.443971437148326,-5.251436005418256,6.464021381282827,-2.7787278912565085,-11.35708070181537,5.098828933394479,-0.3905825367026452,0.04014824088169666,-0.06613241127862324,-0.019457108021371905,-0.16009201119407557,0.48965938377156526
3.7317121400515525,-4.917960809498968,7.364421965216925,-1.7522374605916227,-10.534912861899208,5.890935421831088,-0.38153659129380024,0.10237321768675822,-0.07855161688075896,-0.9748008684067746,-0.8883710872009754,1.0963317597791722
5.636002859107011,-23.546413069756944,-11.394444446152013,-16.448826249595918,-9.55641799705382,5.049269381546688,-8.555562436377587,-9.053482292088185,-21.02844570151162,-1.5042949544129254,-11.767473156791477,-17.549692663786665
10.159339551551158,-21.619579758119308,-4.383978459413385,-11.819300598546283,-7.294802178148087,6.553511212541402,-0.25303250717964243,1.6603385629130862,1.9023314327956928,1.3458448756361725,2.28515835641444,1.253752337602407
11.280602877937158,-22.228172645238544,-3.9083277550111752,-11.463374449458893,-6.26147253541572,8.077116656567066,-0.8828956504964383,1.2191783138465304,0.9731398820034682,0.975895258499786,1.49041052913004,0.6270176196362405
11.749452603895149,-21.592342470979354,-1.8127597505621402,-11.56807279269202,-5.243576632485659,9.450365152483112,-1.058207394883761,0.8314392907478041,0.3949157981870921,0.6859411170826037,0.8071171567049094,0.2612553681417702
12.0539374168221,-20.824602854684628,0.060519148086505936,-11.910029401055095,-4.28321857273453,10.474820962728021,-1.0383840903270256,0.5655779676246295,0.11669824525710881,0.5167828466871551,0.44590251511174017,0.07445575310386099
12.283390530938915,-20.011120379552196,1.5432232337690532,-12.409849937183143,-3.4295839352288695,11.032620348800737,-0.9387868306488807,0.38281002270185294,-0.03222563970215209,0.4255133197134162,0.26207371482220854,-0.042409977509898056
12.511892833200962,-19.207860513979334,2.571461356121363,-13.008532617914195,-2.711677893881938,11.060272095997352,-0.853183665845695,0.2890400006379803,-0.12355557776957138,0.14206010271671632,0.09392278654717146,-3.1467558694080617
12.789395626632352,-18.440296691018002,3.085099717688202,-13.649519403285709,-2.0483466898787226,10.643371628481342,-0.7136871757038601,0.2053777296987267,-3.5397445125977196,0.3605129587215665,0.16094342162931774,-3.617764736718374
13.132469198880296,-17.711883830605927,3.1051838207503213,-14.339919787979193,-1.4392074040121843,9.68921347118605,-0.6268908970557399,0.23008843196180173,-3.9769094886230767,0.34336064163030233,0.2078062750102614,-4.05060203806209
4.3103178854282405,-5.602480834630223,-4.674543552360875,-4.275679017093902,1.403788540921942,-2.595807544248922,-0.6101268129224882,1.315674541985901,-3.0169267646510862,0.0913501024425818,1.2898335310153852,-3.0793415965009627
-30.09224043619301,33.46677518898281,23.267485805607812,33.5,-0.5251345417798428,-0.628718855016082,2.133034872345261,1.5455618957421384,-4.697524249707355,-1.1665820850740194,0.13169058836369096,-4.038977861719366
-3.7468826393848254,6.450349815638235,1.3087818494079224,3.6245559084342656,1.2271799378961248,-0.42870081327273546,0.5532192576218633,0.20939367950622323,-5.009241504734794,-0.13169499196439194,0.36402479920790753,-4.540480379787938
3.9297704977512105,-3.9022556965342066,-1.4714683813653222,-1.2398009439783593,0.22765635627743075,-0.4250328644885828,-0.7860517999320882,0.9887193693658523,-5.1210935316342105,-2.0077468510225938,0.13248638228584309,-4.836167792697089
3.5875834297293316,-5.620114593729781,-2.0669272352225443,-2.228824761753378,-0.6141916091977246,-0.5353528652809629,-0.8434302547662482,0.5534577052613923,-4.740250899041291,-0.726617361236757,0.05376709916901845,-4.810395715498384
1.5685309648588532,-3.737953540379472,-1.5932476045516717,-2.5718823365473895,-0.8655792997341747,-0.45778197160244627,0.19409922045302785,-1.3150095145171594,-4.245907355757333,0.3804526139486839,0.6719258810527169,-4.492540349819086
0.6092881425594303,-2.178932442356299,-1.098341902090782,-1.6743711473331224,-0.92804012513009,-0.5405331228752805,0.32187826003229825,-0.8654311751904933,-3.4390601025224985,0.4538480061540957,0.5427211155701803,-3.959771029728145
-0.07173400393051388,-1.9890520797093352,6.204295429780994,-0.9739417942202788,-0.763706249699228,-0.5189119483342104,0.48310019246565084,-0.5964366829928971,-2.3291000421538914,0.43838591891778433,0.44572417293807476,-3.2765324053295313
-0.18718216046507052,-0.3881296073651104,6.00556220521736,-0.5187289296129247,-0.652037869334587,-0.5036703239674516,0.4623491667402151,-0.7213606532700974,-0.8881913652070423,0.21854425798708554,0.29244098739096414,-2.007106183589073
-0.21751726077462408,0.08437786293360716,5.531541403380668,-0.1269722416139487,-0.4294910809312631,-0.4327462771073316,0.5661408028495218,-0.9128884609532153,0.925155942679762,-0.27389503222465716,-0.967426809566057,-0.49343670846473486
-0.05522506055393528,0.23815065079283748,4.307102619871237,0.1867766517298559,-0.16737045559903896,-0.3897572375112208,0.5111468054850681,-1.0228575513544775,3.116566528500835,-0.6413119401130936,-1.3819841085667097,1.405878009029518
28.942672044456117,-33.5,-14.426348431088996,-18.622208413482536,17.864976693503735,19.278707622933865,0.367901813598706,-2.700505765096289,11.778509596203312,0.043306511946421246,-2.6931503041277693,12.030689819970432
4.0231458554193225,-8.615983703349821,-4.128247528725211,-2.263810977117667,2.1239575476800296,0.11124613581842802,-0.9148420884638526,-2.3329444171549847,14.483042454064574,-1.7931209431902422,-4.07770363662688,14.29350469525
-4.711177770554015,7.740569491444553,1.213900951804967,4.659899413441582,-4.868451414117912,-2.443204520866326,0.7662229044856308,-2.26669175860831,10.748896403635658,-0.1931978352486423,-2.6493024953738935,14.043760749326221
-5.684088613791656,9.01001294340015,2.1683433960318546,4.222388807074521,-4.874880538555193,-2.2381996508469832,0.9297321090124866,-2.385493053993556,9.296155081887008,0.7317797252281144,-2.7301190503497854,12.914578505749201
-3.951276433085238,5.6411882961541,1.4624903209663485,2.4672575084867088,-3.2670933815154646,-1.4885970796108126,0.3544665687927283,-2.8324183755432166,9.34961620426892,1.068831523418607,-3.1568967413054,11.762863471178175
-1.968921515694249,2.379820679822501,0.6133809787570241,1.0316120539303102,-1.8540154826303787,-0.8567762649817396,-0.36665816069669604,-3.591469823344884,9.924807509124438,1.2027170003279766,-3.6456722279593587,11.078927469388775
-0.5793760187531074,0.40653481495420696,0.0957531166762342,0.15092632771348624,-1.031893279151146,-0.4680265023375352,-1.012714656437563,-4.577528622881949,10.792275603430934,1.3734153844769386,-4.296589948841459,11.078600490634361
0.18437811922611047,-0.49289040719793853,-0.10150463349364025,-0.3178882307130877,-0.7040337556986493,-0.2650059043001347,-1.5372424083309995,-5.684915543834909,11.720905278117732,1.6407023131120502,-5.124802177721478,11.577640165614223
0.5377242381445182,-0.7803123472770555,-0.12870411862733544,-0.5612284492253914,-0.6550221886552992,-0.18321511083519493,-1.9548013383868235,-6.837804500086824,12.531523272304351,1.9733497090464256,-6.090649375707353,12.290608165910957
0.685774007560898,-0.7950437383003779,-0.06493172192834695,-0.7087704272504045,-0.7086265686722104,-0.13286623923931096,-2.2938842474098635,-7.975450557116166,13.095517090046439,2.321283534605466,-7.124768461658959,12.9814205508518
-8.918362625414936,31.426204253048063,4.194907833628667,9.9266932658026,-0.42318059170691846,0.06928526645463862,-1.0480293911441838,-16.38626412684674,14.233326216471227,-9.618991035724225,-13.562431252129734,17.16278609975538
-0.2684256185882612,0.7846551114895348,0.7008922970397364,0.6150023131709377,-0.513367112587007,0.00154547464375554,2.5290857647169025,-13.172086212315776,15.452723006672398,-2.2803826522994664,-13.07529360980768,16.105246796232766
2.284661413470025,-5.469256861191164,-1.4165600159106366,-3.68522115862857,-0.48971182048775663,0.33093533525658714,2.1480656748866873,-11.606631011532734,12.45829509837921,-0.8550701012353761,-11.492685572528808,13.292024609293662
2.6031039737576998,-4.905023522419679,-1.2385870303350752,-3.8718000137030932,-0.4208314127785844,0.36671499290973664,1.372785780776268,-10.674280694705296,11.03411730782945,-0.18730761474892788,-10.023792344491493,11.051263239508364
2.0111088548188656,-3.030951757151449,-0.6533862963608197,-2.871612857437502,-0.2760939934901927,0.3501655599497724,0.6708245085063207,-10.292569978486718,10.257790316677639,0.2693096569506972,-9.019099069081738,9.335128086698145
1.3382351053238253,-1.441898095824783,-0.17454307883261588,-1.950411905819191,-0.05231020426382749,0.360930282683249,0.12276875994498004,-10.354203506006012,9.65726823259368,0.7009399799731852,-8.462166674862608,7.940070734950487
0.7970838694776097,-0.3017510993956094,0.08077271974126354,-1.3325340218232409,0.29697264534770795,0.35266919922153406,-0.21644387001141396,-7.9476800207593,6.444239106292462,1.0299592699432543,-5.435844503276409,4.12762595107003
0.19276981672039462,0.40927805656731486,0.09933568413046245,-0.6312147507288897,0.7243364847998706,0.27610998555426036,-0.0420603800535897,-3.8899005659781904,2.3294045009447677,0.7565358521395718,-0.8920605038123535,-0.04062564876146446
-0.3074014846461992,0.6978863721628805,0.054828332246654066,-0.0630296202234426,0.9650453132544099,0.20518573600249468,0.5025482996634483,-1.4275353441824752,0.19698716907548208,0.06420238037696269,0.8459753671777328,-0.49846873850033235
-0.7224337312570506,2.4196172938706635,-0.1495302161073413,0.3731290849212012,2.615988602323994,-0.025080199192622388,0.7742624150845425,2.048752061498515,-3.461860953204269,-0.36035587744908604,2.5870586346242375,-2.8377555259521077
-0.22009023054369048,0.4735010279818621,0.46648051074774344,-0.5864959834153698,0.5617727826936383,-0.7401869429447867,0.2291487909891976,-0.03219987655321965,0.08982571689767438,1.035545772964075,-0.9608949122712059,-0.6506842608534054
-1.4199305782897134,2.406423395269676,2.9366525998868327,-0.8927496813540359,1.1406551782014682,-1.1377786482693617,0.8263152233530386,-1.0068797864597783,1.204116082526336,1.7649673354419844,-2.1900187594013123,-1.3960576209714304
-1.3258790580623208,2.4663874792088434,3.6711885111573483,-0.24838551349558163,1.1087487183939546,-1.126429482167509,0.17728490369651728,-1.5352605299103161,1.8965602882924182,0.974307117404811,-1.0410250644710042,-0.8777427402653296
-0.9590258927236279,2.0635702390588273,3.5073806346791345,0.12533430033455906,1.079964372578116,-1.10840656238332,-0.41517436008773717,-1.2925347891671424,2.0309598458306968,0.5846588808992816,-0.254771157504324,-0.6292232635228678
-0.6179852404016907,1.6743951745171135,2.676270752448578,0.2669118742452888,1.122716515524742,-1.0995388310491911,-0.5793669765557796,-0.7087756788650891,1.5891262463273272,0.30722326177537734,0.20578781027509557,-0.5164145934778293
-0.2672016863839504,1.3509010575975122,1.555405772579431,-0.22420506958384057,1.451999109440804,-1.2575486182059326,-0.47392612730797423,-0.22949328415435316,0.834627322983226,0.20616787127250763,0.5290004072974125,-0.4947908091551964
-0.034332965142956764,1.1373481838769606,0.6453190711786313,-0.4728875853377402,1.771726539093575,-1.3733671141934947,-0.6114557523860333,0.19643233932431886,0.33291468721798767,0.215924728468765,0.7813783771147947,-0.5233678448359076
0.09160342605373713,1.0552477917141536,0.08770412220772822,-0.4778751329672829,2.0292472003480357,-1.4597389196960835,-0.5923792812971262,0.5735281148748299,-0.03896714797747208,0.17050632954336947,0.9423319999471504,-0.5544705782454341
0.09045464504429132,1.0431711482564041,-0.28113631352032725,-0.40108463426835683,2.0092220754627377,-1.5613388451573464,-0.3399385784509505,0.6992234667480669,-0.23795644852828707,-0.3002587635667183,1.7634949479540458,-1.7622734608559392
0.04959986824333121,1.1637113280991223,-0.5027573479445745,-0.40088622760416703,1.8196514892851043,-1.5760779463154138,-0.04838884231938667,0.8282890846926644,-0.40522965722279963,-0.12789447284654532,1.5037146193776,-1.5247308465865044
3.6050136718925785,2.449569069998117,-2.979741661879855,2.180642193086126,1.7957539674912666,-0.7820444392118899,1.7237717093742948,1.6807373930015852,-3.691164423096214,0.28311775971475867,1.7542642175101453,-1.7086317590294655
3.973402815808093,2.0094193795602657,-2.3173271697296847,4.129213849198248,2.537381587040394,1.4851646999491097,-0.7752953672973437,2.2001800112689027,-4.723943301642846,-1.5825160172898736,1.7261180977180421,-1.4610732901460577
0.960050069204549,2.2490819658041263,-2.476823120907673,3.3193826409253506,2.4977048296382267,1.47603400263191,0.02150926228161057,2.0253501525269284,-2.9783911985376728,-1.921864442202011,1.4623599054118002,-0.9661528989847792
0.36005490190460965,1.9110022090526364,-2.0535713624671716,2.1561008759781206,2.2678102579974952,0.822245865325731,0.29291759656135485,1.8777931338239102,-1.9976466613409876,-1.7798259233609581,1.530934643794056,-0.8751898910374019
0.2520302283896896,1.5294661093547353,-1.7782911697172799,1.2884376605746302,2.0241424934258894,0.05339299716051693,0.26160140303721113,1.8339232084136203,-1.47519625336489,-1.3178251427881145,1.7457080418434625,-0.8685365760153838
0.6713712723841121,1.5817334297209173,-1.6771679405395936,0.9709160731962059,1.7078385862304033,-0.3150890830258646,0.09230164890953235,1.872452773752706,-1.22248116853635,-0.9156442099109481,1.949433991307321,-0.8148272864256563
0.6623102923493756,1.711777872890635,-1.550067028553254,0.9278147536794017,1.6009954183339568,-0.10924539244840159,-0.026629125678523727,1.943953782043235,-1.1027245612527643,-0.7610519973083383,1.9350572876730785,-0.638692860745312
0.529635098174522,1.8258438801185954,-1.3234642416574387,0.736621754021098,1.4940511612569176,0.04795998380730937,-0.025663620865460222,1.981936416017003,-1.026102625465545,-0.5911608302507083,1.8995177614064667,-0.4791755933725961
0.38141463094988043,1.9082176884992195,-1.018200502537024,0.5265951786314457,1.4226727365089413,0.16068348345087624,-0.010051759148526032,2.0132777219738824,-0.991141413216293,-0.3749793786172634,1.9201621521649128,-0.3902014648046763
0.24484216848486273,1.9404446868992218,-0.671024407907564,0.3046880666833477,1.4320681220485258,0.24667451472708057,0.00266166563296745,2.0463187875092363,-0.9803962566335817,-0.137690205938248,1.9909748719090736,-0.36664582799347234
-4.765811544732198,0.6623612277938906,-0.03553852888456975,-1.4297704665798703,1.503884781387541,0.13803517930722253,-2.370683736835859,2.935191279248249,4.7838776274489945,-0.9104992570649126,1.4786222459669498,0.061514924327243925
-5.785304476596953,1.613402165952313,-1.0495562916271501,-1.4304533713586118,1.2476214651682453,0.0111701401222557,0.3373620972010679,5.392488783751865,7.083930958926264,1.9521976995117736,1.0342769137560546,2.4718979185857988
-3.375399313735779,1.4396473548582687,-0.36639824426903556,-1.0352901938214742,1.3478952875198724,0.3551627842915721,-0.4720184445879513,4.095614863291914,0.17860963556343057,1.7363234857553964,1.271962294603489,2.901966902334242
-1.6686123307938021,0.9165889479770593,0.1628605177268564,-0.49213482612038445,1.509497520902397,-0.026885316075461962,-0.4218511053223923,3.214699116233388,0.67336591626911,1.1427569084986178,1.3363827384655076,2.7677585029873555
-0.5956204766812239,3.389217311976298,-1.2507693858963076,-0.2709242924684639,1.579876875273069,-0.2497740459231701,0.02277417267095473,2.7764647158399614,0.5863452433598687,0.6432161299065153,1.7260738589120146,1.8614633356290275
-0.3029488476433826,2.9697284258878653,-0.6015882160287194,-0.09266987056100229,1.5475279663963137,0.05165681315855308,0.1931872690676013,2.5516163133568392,0.33799148488589204,0.3199754830618623,1.9392958954327406,0.5531964917326508
-0.16304584487918494,2.366018354642076,0.1273563531254034,-0.09937237756098516,1.361616170061895,0.4664887677328613,0.2922684252420771,2.4980539609809282,-0.012744070717944145,0.13310276411415195,2.138015295765075,-0.20805457348758333
-0.07545169953184838,1.6573813154314507,0.8336466129447426,-0.16094696219583482,1.0918489516933572,0.9170156983532323,0.2971432135348723,2.597610198460112,-0.17699506922596725,0.011865535351291812,2.318412530231612,-0.6463248546327874
0.018531190133710407,0.9536138432795032,1.4593635374421192,-0.19770266573023343,0.7974881569452601,1.3448073162137213,0.1609628768613368,2.6117495735230656,-0.3481746844980375,-0.04788357664246187,2.4881616883634523,-0.9023839252396609
0.10775855332085915,0.3306203817110489,1.9891132874328692,-0.2113388900228127,0.5149988635670778,1.7243053690961117,0.08781553449040233,2.6286259447108233,-0.60561374666008,-0.10511034969715852,2.6357625505369158,-1.0539368640384044
1.075013847256144,-0.44085388156546335,2.4194550069584553,2.0525385028012706,-2.289446090971797,0.12583469181642554,3.509033079804836,3.092523389469031,-1.5617829700389871,-1.0128443110958973,4.565248161101133,0.6047535199970784
1.8213859196712008,-0.9860463229515107,2.538337737867178,1.6967846472859318,-1.8042323863625094,0.16669691675594345,3.600354614454177,2.2637643709532154,-1.142152585642208,-2.4718338215694002,6.721672351047327,2.030617981576463
1.394855476366175,-1.1544021481399125,2.5390045258077416,1.0646030956153256,-1.1189035334509632,1.1512019451003066,2.0427990795780815,2.4502428408532677,-1.105238054238738,-1.5268783179698586,5.049115712010239,0.760387680712471
0.9434767956295274,-1.3227897502036834,2.536769229727079,0.45404489535528825,-0.9715394982932246,1.7187293179481617,1.1467527042411307,2.745448263046611,-1.0849157820671778,-0.8223301816106253,4.173284194029728,-0.04320688552291938
0.7660491594190844,-1.4976143075234183,2.6438876541543572,0.23110068213173257,-1.432041524832934,1.831420558978523,0.6091228492946417,2.9842451644644004,-1.0678186068878575,-0.5254317212042012,3.700407151317316,-0.39501464644414946
0.6589538739488667,-1.6543717931282216,2.855450752119763,0.07134328874854354,-1.8285810557379099,2.0610358418853765,0.2765001749237833,3.1711470437853597,-1.0671897157070733,-0.27271127602370754,3.5384800533096294,-0.6698123187308452
0.5991255404988672,-1.7933895645173124,3.164707411651327,-0.042886667630061104,-2.164303712999024,2.4078486600885824,0.09528380754452412,3.312644119713148,-1.064730299161093,-0.11483916425146078,3.514436238920251,-0.8238961399833874
0.577835772864086,-1.9120054336632952,3.569100328855946,-0.11529541495409779,-2.431753189038419,2.8651111793550132,-0.003041896831507511,3.4327304433899575,-1.0568920546541536,-0.020334756298695654,3.556323627976646,-0.9041810022516856
0.5798494809459587,-2.008981948022859,4.061490720254335,-0.15543572955483764,-2.6185207648237356,3.423288672809963,-0.08916700335595276,3.56649966928382,-1.0588540851698316,0.4454958624161161,3.8267805651317817,-1.3455667619445435
0.3924954823630692,-2.104716028786413,4.528325683364328,-0.3709169493072903,-2.8294749831596233,4.10045486193787,-0.052034523165996854,3.619270501943192,-1.032362027581509,0.47526126736073815,3.996332577129774,-1.257288969302931
-0.9577306771368,-3.245815509152176,3.198879789667113,-1.8310085126487798,-3.21709921854589,4.637177115024378,-2.2916740654517636,2.1678745297283615,-4.734208962131363,-1.2461515649651271,2.5787125794281462,-4.906511732241357
-0.9165833298404893,-2.7945833907620234,4.132684014625761,-1.7898404274841642,-3.5556245175132855,5.231868596018116,-1.9772657577707007,1.1618961577289288,-6.435079957431952,-0.4306585191284915,0.4333674207460592,-5.5572777659670045
-0.7557098677505447,-2.7745376076119213,5.337356112054028,-1.4231295516580127,-3.655538484977231,5.811485866226106,-0.8533122865363504,2.8192543278637245,-3.8748923997416878,-0.1422012362040398,2.4998222458191446,-3.446818463392143
-0.43961358150969465,-3.1585873107520364,5.985204094809185,-1.0617572736661616,-3.778875327541109,6.5638441937817005,-0.3595235780526625,3.812302230723027,-2.5136155590710785,-0.0007656104690874493,3.700683153065062,-2.3171365028257425
-0.1777800036940883,-3.5386159083575226,6.858452198993646,-0.7619908617821445,-3.916318997029031,7.528607176161975,-0.1315823894711095,4.407828527698421,-1.7776808551509797,0.04800016522032625,4.362095074730687,-1.684600460020047
0.01779051777873608,-3.9149010155604973,7.977237594224885,-0.5319652120135556,-4.075643644743378,8.718144378130003,-0.024336914070421413,4.787874536969118,-1.3492722043846865,0.05257444650269128,4.753769966909869,-1.3008368305263127
0.13384066567397257,-4.296549329618545,9.366392454269063,-0.3818032616996031,-4.276184690274265,10.15683824253033,-0.13011288952161165,5.04955702109656,0.12566535912252053,0.1133170571838635,5.02081098101742,0.11978395915051454
0.22010681453942216,-4.736059732615021,11.002845445120021,-0.25743395847563,-4.571204086715575,11.824659936970338,0.04216150568884965,5.199370958474286,0.013493479230621386,0.04202288832657104,5.155642886799652,0.012861560427427254
0.2517422745047577,-5.263026454802359,12.969027771615227,-0.18376596173808046,-5.003229789513097,13.817424375430917,0.07564485818137379,5.355376913500151,0.0014492086590740527,0.028063176984041018,5.318774754308421,0.0013808560733260533
3.575114829387057,-5.943512613484189,8.85886204610793,-3.9755893989687117,-2.7222646709700498,10.530805043471345,0.1441115615145676,6.613781944096139,0.0001551435367205256,0.08000459000040279,6.595342875245532,0.00014789371993739753
1.6956263626509132,-6.107662914704188,11.88147896904271,-1.8329885131657333,-2.3340741916256684,8.537121327563414,0.37148688186190165,7.4910947461944,1.6694360207014647e-05,0.20281757442053117,7.3151578288485,1.5879967207865775e-05
-4.548292343363741,1.5504688573374623,10.81577771032695,5.687277072839361,-2.718928169747949,6.834683284615344,0.4809045095122963,7.8709440094776495,1.8209300319815824e-06,-0.30575257391187777,7.309173239633519,1.7050984624233934e-06
-4.3351528670356325,1.846589736807757,8.755207661120764,4.662648556804861,-2.559490519404834,5.938086434716656,0.6462905253845622,7.77513384529374,0.04267285679266308,0.33200833128524004,7.560129202156569,0.000800014817038841
-2.470299027327618,0.3746545945017814,6.707906755351103,3.127586514701058,-2.4326134606748195,4.932793027111389,0.27811656271312524,7.920336809797984,0.004581151411438222,-0.15746832850784875,7.720093899682159,0.00014422683433312766
-1.0181342562193945,-1.1076985956884822,4.875360114575197,2.028714340681217,-2.420956543558038,3.857763242463332,-0.29221530765735687,8.322256294166497,0.0004556116634941709,-0.3862677663228971,7.553026540605696,5.831254794963492e-05
-0.42206508748028826,-1.8730349210244726,3.3823775949995785,1.0602359483962798,-2.439935795356635,2.8873747309066666,-0.3778389285744684,7.944064355223984,2.7873633044017687e-05,-0.1512651828645913,7.6448581333389125,7.724359376792833e-06
-0.1536859019967587,-1.6200839472866575,-0.21449715482963994,0.5203451048526511,-2.504630591232106,1.9853628396843546,-0.42497320665566585,7.686688462672571,8.898720393613058e-06,0.026223245935308157,7.628553399456338,0.057906380475483465
-0.11632036295019424,-2.219128865932096,-0.023028556431056835,0.22853899435491565,-2.554975342029732,1.212123299561854,-0.41659628014786,7.5833503910365385,8.704837298645351e-06,0.19704620102891884,7.52689350643324,0.006218970304876281
-0.1412774529361979,-2.4005293526992313,-0.0024753684182652336,0.0526525081586503,-2.6538688468855454,0.5777850905416492,-0.448479519963369,7.360433840480215,-8.303762288441874e-05,0.4404462509882587,7.796764454551423,0.0006838860425150556
-0.17609890096900077,-2.4803848402289828,-0.00026407465795719176,-0.029755696989165754,-2.7120650075655948,-0.08083734395411823,-0.4204052181845763,6.989710986946009,-0.03676186691997296,0.529614052900203,7.42592717959666,-4.841829942481279e-06
1.9664656081425669,-2.9381951031630633,-1.9948336066456112,-0.1583031601331222,-3.550021231438677,4.696099320146642,0.1550924302393999,6.743761688203277,0.18047029066011344,1.3000648130683972,7.1833686268320935,0.3768437665116915
7.833010887505937,-11.42946107178748,-2.5891978443509984,-5.648621276289914,1.6319277113799304,4.568782888105433,-0.2709859697262906,5.4855121786434005,1.5806613517685704,0.8477894449420038,6.031204618743544,1.183170990647994
6.317106021617163,-10.868720506686874,-2.675528034014305,-4.581991859785493,1.2003885744472478,2.1620383071268083,-0.8450058270409668,4.792231965943328,3.0325384593349045,0.1439956965758724,4.751386804460509,1.77463019463764
3.864468590969708,-7.470434607930717,-2.4222321198178047,-2.442818802443493,-0.308668790395821,0.2954249077497531,-0.7088197739765313,3.9251349206788855,3.4827037403679517,-0.06123614043448905,3.9187607577439536,2.6798122437865453
1.8929958685235397,-4.579009793214524,-2.1958033922695184,-0.9573356274974103,-1.4211051040103955,-0.9077234634262313,-0.4034297733268518,3.0454375395709037,3.587558692045162,0.01752196673490447,2.979549929634631,3.4288832716218365
0.7013020103109248,-2.9332065961670204,-2.135720829786462,-0.19640473056042337,-1.977596777656015,-1.638290515390551,-0.17738300700019805,2.164518304475959,3.682884296368229,0.13938052294701034,1.9652032672542505,3.909607330436849
0.13315131774946684,-2.224611030064392,-2.2058013315554987,0.10591940500517982,-2.1456887361420494,-2.075919654183696,-0.06634528621487651,1.2220954561686206,3.8562756582293756,0.2057988460312562,0.928335931236608,4.200541160686305
-0.068099794261798,-1.9990007818062652,-2.331385437900392,0.1843242190730323,-2.110483820373879,-2.3487111465396326,-0.03704490286362416,0.19258876421124704,4.164047694844466,0.21493586090414338,-0.12692019378788777,4.4583869187664265
-0.10157707935845564,-1.9460508478377974,-2.4663312079405553,0.1787069439811891,-1.9944385684286732,-2.5390951659389063,-0.05064161813969459,-0.9335038948980914,4.630844738765088,0.19618086973417584,-1.2281283316523193,4.805125174923319
-0.08081726043488471,-1.9181027210569304,-2.581437456034287,0.15470115455034714,-1.862897833497461,-2.6803085558075557,-0.08008574554184611,-2.1534828690030414,5.259098964300575,0.17542026497833085,-2.399721801372544,5.299931823335696
-0.7956184498365663,0.4345100882046154,-5.167148082010789,0.0053096188762564375,-1.9603576777210299,-2.41691476791724,-0.9046693685773876,-3.834201117219604,4.876301739697944,-1.1995257828878683,-3.691149807183462,5.620747320092299
-2.057548741995427,5.381314111396527,-3.022412708126016,2.4298178882305996,-1.6239215792868111,-2.847968632798469,-1.34194237515256,-6.415034184356157,7.112808566467559,-2.3097270970068378,-5.586024851259991,7.616959163006536
-1.9097966083899482,3.864473324962096,-2.8171108318819034,2.233810035811857,-1.504460657780503,-2.9556894449660587,-0.8002654096008086,-8.223444344946202,8.936189020251582,-1.952574515419596,-7.714741638676839,9.287936373418773
-1.3057897019430496,1.5923362015213498,-3.107967438309542,1.2828333928832738,-1.3583301856633847,-2.9920829647642457,-0.3752396392187867,-9.673330010967234,10.084441280765155,-1.448083803567357,-9.518685532601596,10.60852967681977
-0.7201370607204559,-0.02732153650838971,-3.407667672375788,0.5123976060968827,-1.2158013201117535,-3.0298542120890697,-0.12319643276912978,-11.00651686205243,11.185455515503774,-1.0196144139861505,-11.082142667946279,11.838781128836825
-0.329864311867372,-0.9085814503245082,-3.6255420758484282,0.09943702029889774,-1.074606120825925,-3.0872694982404383,0.018084017129125912,-12.406496105193193,12.529259303809113,-0.6865574128636753,-12.604476804306035,13.216625969317152
-0.0995936870487315,-1.2804256858721297,-3.744517513171349,-0.08624471164184014,-0.9363022274479827,-3.1317330225989117,0.07521398121883138,-13.821862795070645,14.021928450572823,-0.3493646247922697,-14.07472859529073,14.648798168339598
0.06653912998389891,-1.3124773714827378,-3.8258527031505696,-0.22276155702258552,-0.7716246763337694,-3.197119999208015,-0.012609080659757904,-14.56096684541495,14.739647081649963,0.18688190397956192,-14.790440849622069,15.10930125978272
0.14232744821747173,-1.1357056786731723,-3.9426404376087376,-0.26299080066025665,-0.5270765097935369,-3.3206435852835523,-0.051638074746973225,-14.662344012728747,14.766859653432666,0.6775422441810742,-14.427526450716602,14.336821394583477
0.22682028509484037,-0.3482178937343715,-5.025755763578349,-0.3312136682496006,0.28264832123080585,-4.426617971980282,0.01586617514555372,-12.338722525024886,9.027745570921914,1.0693344303686807,-11.718314385679076,8.24152354795475
