-0.008951636582572406,0.00033216911241596916,0.16256997599585268
-0.00892302757110354,0.0003315650356149459,0.16261377414490394
-0.008887882902061849,0.00033094226863856693,0.16268215972113098
-0.008845872117206315,0.0003303294834811473,0.1627737023047031
-0.008796674646818712,0.0003297333813236897,0.1628870031337198
-0.008740010190846213,0.00032914837338882444,0.16302064011592193
-0.008675611966065547,0.0003285624834029526,0.16317321401032048
-0.008603311532970713,0.0003279612389225022,0.16334334956977106
-0.008522945932495026,0.0003273297461413903,0.16352966627505375
-0.008434384990744429,0.0003266529423381201,0.16373079509595026
-0.008337474371064356,0.00032590787389191836,0.1639452546517675
-0.008232088712560847,0.00032504800595842845,0.16417159111361804
-0.008118147941364503,0.0003240250452223142,0.16440840974142834
-0.007995610797275265,0.00032280321411808115,0.1646543710382762
-0.007864496965919543,0.0003213593278494484,0.16490821635817948
-0.007724850716572728,0.0003196864224103712,0.1651686887375516
-0.007576757736095496,0.000317792294445672,0.16543448696631136
-0.007420518211455735,0.0003156740643039141,0.16570445628704172
-0.007256491203446725,0.0003133342411523652,0.16597756451061976
-0.007085105867248672,0.0003107890590588102,0.16625296217203328
-0.0069067501755902235,0.00030806201832672415,0.1665297196088007
-0.0067218580910941746,0.0003051795562468951,0.16680692475748793
-0.006530852995141528,0.0003021662401376973,0.1670837533026944
-0.006334186066099426,0.00029904551663590887,0.16735938467617112
-0.006132294039478974,0.0002958388005439212,0.16763306522059984
-0.005925602420588359,0.00029256435772752093,0.1679040248968469
-0.005714538963577659,0.0002892315412617756,0.168171525108907
-0.0054995045296953125,0.00028584244220888536,0.16843478792083025
-0.00528085860828998,0.00028240934693375236,0.1686931899167988
-0.005058864564820841,0.0002789236311076877,0.16894622801131368
-0.004833694775776039,0.0002753897512752636,0.16919345564364557
-0.004605514599388016,0.0002718112804594312,0.1694344903099788
-0.004374535142567125,0.0002681928481527433,0.16966903432942795
-0.004140946976363456,0.0002645380325605273,0.16989684499873342
-0.0039049379180202447,0.00026084997402390267,0.17011766081979257
-0.0036667034862854246,0.0002571310598099585,0.17033128751242377
-0.0034264291053442038,0.00025338319701210583,0.17053749853930728
-0.0031843038830243484,0.0002496078961482369,0.1707361202203029
-0.0029405038852666613,0.00024580621761565976,0.17092694264574249
-0.0026952063131305444,0.00024197914515048795,0.17110980468363532
-0.002448541635709675,0.00023812681562761012,0.17128447049629958
-0.002200684135265281,0.0002342499301876073,0.17145071582347218
-0.0019517470172602447,0.0002303487839046168,0.17160833469429246
-0.001701861591148321,0.00022642383167226945,0.1717571223707792
-0.0014511795239891727,0.00022247674156742556,0.17189692657102476
-0.0011998345380807253,0.0002185083463696299,0.1720275631659017
-0.0009479595045619793,0.0002145204133966379,0.17214890033222313
-0.0006956731269653368,0.00021051439181655337,0.1722608234811057
-0.0004430820657690386,0.00020649189452223157,0.1723631825242984
-0.00019028480842589197,0.0002024554014589179,0.17245588961383637
6.26438590578396e-05,0.00019840681133622307,0.17253880605885555
0.00031565019824120747,0.0001943486192730653,0.1726117929155416
0.0005686706371502411,0.00019028496135902433,0.17267473166818584
0.0008216609767876992,0.00018621938172917545,0.17272750839967452
0.0010745552811786527,0.00018215673830541214,0.17277005156546124
0.0013272926073775858,0.00017809796317204516,0.1728022912080538
0.0015798396452529491,0.00017404408451506478,0.17282419975826413
0.0018321924732373814,0.0001699930399765836,0.17283575264114964
0.002084326999332353,0.00016594475550511396,0.17283694501022345
0.002336227435047721,0.00016189780331786683,0.17282778061966914
0.0025879280654277316,0.0001578503529123068,0.17280823671306844
0.002839451602480648,0.0001538036569189858,0.17277831953865844
0.0030908180355813998,0.00014975501886167682,0.1727380397962155
0.003342055569771152,0.0001457066509228931,0.17268740381328418
0.003593159961807186,0.00014165615565079113,0.1726264213824526
0.0038441880362328302,0.00013760553375837578,0.17255510631309934
0.004095113540890933,0.00013355379174385292,0.1724734783544178
0.004345944915807603,0.00012950234164868675,0.17238154733321137
0.004596686028896772,0.00012545097317222104,0.1722793613492045
0.004847355656081689,0.00012139855177428125,0.17216693470231728
0.005097789038730698,0.00011736196789986994,0.17204419650393835
0.005347796395016823,0.00011326351468645633,0.17191112907636272
0.005597273500486413,0.00010915496515929739,0.17176814499044368
0.005846141360637514,0.00010504382386965646,0.17161565506491047
0.006094339246166333,0.00010094266464458362,0.1714539122962922
0.006341757714056209,9.686311004153907e-05,0.17128317160718165
0.006588312023773366,9.281546810085284e-05,0.17110365649187004
0.006833935796145238,8.880891678882168e-05,0.1709155573783093
0.007078509805013944,8.485345440145525e-05,0.17071908534059588
0.007321966148869448,8.095813054060833e-05,0.17051444562336956
0.007564257214546127,7.713135768178933e-05,0.17030178847620286
0.007805329347017571,7.33813853878681e-05,0.1700812523743841
0.00804514914985614,6.971637500863896e-05,0.16985295898917818
0.008283651633685551,6.614600847358305e-05,0.16961705136780691
0.008520800902791763,6.26792752251646e-05,0.16937365734679996
0.00875659866331583,5.9324138207644924e-05,0.1691228686827108
0.008991113723660717,5.608736994222349e-05,0.16886477054240706
0.009224434660277725,5.296875662240952e-05,0.16859938751599451
0.00945664205094548,4.996942911672354e-05,0.16832674266547698
0.00968782846247362,4.708975620944936e-05,0.1680468475441909
0.009918094545747866,4.432951085080869e-05,0.16775967791752977
0.010147556914696246,4.16873114153811e-05,0.16746519672270627
0.010376314084386874,3.9161634071001975e-05,0.16716339212468656
0.010604508777130579,3.675049991320855e-05,0.16685422861462038
0.010832245805543457,3.445135204716975e-05,0.16653772213529489
0.01105962348519104,3.2262172963486805e-05,0.16621384260177427
0.011286773964460472,3.0179363867144782e-05,0.16588257641746498
0.011513779902144234,2.8200310745059012e-05,0.1655439514705372
0.011737721392480636,2.6373872242187352e-05,0.16519691544173284
0.011958198906555514,2.508820605672093e-05,0.16484572438013276
0.01217685438473199,2.4092175991983582e-05,0.1644950835180491
0.012393615116736655,2.33297487112333e-05,0.16414562026042326
0.012608343985844764,2.276697974730827e-05,0.16379798626183228
0.012820906290633972,2.238365676863959e-05,0.1634528073453966
0.013031199592676367,2.216803458015163e-05,0.16311068618663352
0.013239122125021112,2.211290661567025e-05,0.16277216099026534
0.013444551069190085,2.221351294758718e-05,0.16243779161511968
0.013647397051079879,2.246749269920898e-05,0.1621080830713294
0.013847575506625966,2.2873002224845883e-05,0.1617834698348793
0.014045008167945999,2.3428476977386038e-05,0.16146435632745057
0.01423960121138477,2.413251519731588e-05,0.16115116364048884
0.01443131302696779,2.4983735973678723e-05,0.16084413818552268
0.014620143968981097,2.597892122257411e-05,0.1605435292896827
0.014806066604564593,2.7114377035899123e-05,0.16024957835240197
0.01498905869872182,2.838620101149203e-05,0.15996246501923758
0.01516910741491699,2.979018840199842e-05,0.15968236718958198
0.015346208123188002,3.1322177253033204e-05,0.15940942856453194
0.015520391236165788,3.29775609834268e-05,0.1591437321443678
0.015691661819209567,3.475139319683487e-05,0.1588853276429637
0.015860035966376647,3.663859223860234e-05,0.15863426513441842
0.016025538876788835,3.863417896878519e-05,0.15839056257060072
0.016188254549577258,4.073260563829975e-05,0.15815414028088196
0.016348240616932123,4.2927363070841543e-05,0.15792492117238552
0.016505611998383275,4.521136541057043e-05,0.15770275448797413
0.016660454888421192,4.757722612238204e-05,0.15748750148438437
0.016812833952373926,5.0017886568455706e-05,0.15727905878898826
0.01696284398684499,5.25268686705048e-05,0.15707724425468567
0.017110558777785955,5.509713768949983e-05,0.15688190872560723
0.01725607804925329,5.772230491912381e-05,0.15669283498346886
0.01739947672677229,6.039583476430332e-05,0.15650981504704317
0.017540862501691575,6.31114165081172e-05,0.15633260204525215
0.01768036730842439,6.586224622341156e-05,0.15616092363334733
0.01781809490798376,6.864115845378735e-05,0.15599452748762466
0.017954173242778832,7.144117133067546e-05,0.15583309763301315
0.018088734387949827,7.425484809517082e-05,0.15567637171384735
0.018221899911933643,7.707542149041476e-05,0.15552402719902753
0.018353792052435213,7.98962682927997e-05,0.15537577078262108
0.01848453209962137,8.271126142145726e-05,0.1552313049035749
0.018614240456973817,8.551415204811858e-05,0.1550903266003013
0.018743033489909067,8.82992944660827e-05,0.15495253818702576
0.018871021998189894,9.106131558298448e-05,0.1548176128535912
0.018998340537015723,9.379408430800984e-05,0.1546852362424906
0.01912508903109643,9.649229000296942e-05,0.15455513335161658
0.019251395067214277,9.915057245509704e-05,0.15442699936104462
0.019377372677274744,0.00010176385169058346,0.15430051181964438
0.01950313482445244,0.00010432671119148867,0.15417538523135838
0.019628788027955396,0.00010683412289896562,0.154051345052178
0.019754402044226998,0.00010928218646801005,0.15392812790994617
0.019880076582337324,0.00011166698130675077,0.15380547463201497
0.020005901449464514,0.00011398506656053546,0.15368311171372806
0.02013199350785455,0.00011623304701829712,0.15356077833201193
0.02025843044867869,0.0001184073799742689,0.15343825938294478
0.020385311341780774,0.00012050468590031762,0.15331532500168804
0.02051269621426646,0.0001225218556769325,0.15319176041251892
0.020640669285143565,0.00012445589773729958,0.15306736720778344
0.02076928146327527,0.0001263045041791347,0.15294198888143481
0.02089863347509875,0.00012806579421734897,0.1528154263447364
0.021028786055670157,0.00012973759995178627,0.15268749239159263
0.021159771802230748,0.00013131836551197627,0.15255807622815393
0.02129164550520258,0.00013280648130448993,0.1524270441396245
0.021424425726366023,0.00013420136449435503,0.15229427467580106
0.021558185592708445,0.0001355017331651175,0.15215966637222406
0.021692960635142765,0.00013670644189029836,0.15202313786281557
0.021828765162229175,0.00013781474401430705,0.15188459067489188
0.0219656509785108,0.0001388259001814439,0.15174397557943756
0.022103628853371925,0.00013973969301762785,0.15160125399099028
0.022242699053943858,0.00014055666836155806,0.15145637238624213
0.022382894232826963,0.00014127707695394754,0.15130931503502848
0.022524230876179694,0.00014190204673575381,0.1511600286953359
0.022666698643537625,0.00014243240937746236,0.15100852099778558
0.022810314841468234,0.0001428692059436762,0.15085481049558086
0.022955030623935956,0.00014321386620763874,0.15069895801606464
0.0231008476942574,0.00014346804387982038,0.15054097726445967
0.023247766234908623,0.0001436328372434225,0.15038092091381475
0.02339580124930356,0.00014370944519164576,0.15021879611147837
0.023544931645295263,0.0001436991901477093,0.1500546552374811
0.02369511061122647,0.00014360351032423655,0.14988860817535668
0.023846309834083,0.00014342493313016915,0.1497207178126509
0.023998503157058503,0.0001431658078095225,0.14955107969659523
0.024151651928076123,0.00014282907526256194,0.1493797673382106
0.02430569850065846,0.00014241796220268124,0.1492068907778587
0.02446063146676208,0.00014193500714868097,0.14903252735194206
0.02461637673074231,0.00014138260356959592,0.1488567965170822
0.0247728941211399,0.00014076291550037045,0.1486798448619862
0.024930160393728928,0.0001400788156017571,0.14850177194418787
0.025088121599470325,0.00013933309571494183,0.14832270657618113
0.02524668975269691,0.00013852907104109795,0.14814277842069182
0.025405840328321886,0.00013766987489638723,0.14796211306845936
0.025565514149808517,0.00013675890221614121,0.14778084104749958
0.0257256504943418,0.0001357997534463667,0.14759908797911545
0.02588620917997541,0.00013479605203336304,0.1474169229050015
0.026047129552079842,0.00013375068174739958,0.1472345039204721
0.026208317348006716,0.0001326667737729907,0.14705198462001254
0.02636973567220841,0.000131547497014795,0.1468694877630442
0.026531324935202733,0.00013039600407330735,0.14668719152687504
0.026693013401259312,0.00012921565953998614,0.1465052064029799
0.026854757515652347,0.0001280095293184725,0.1463236453596267
0.027016483141754467,0.00012678115540327374,0.14614262235396427
0.02717812755241209,0.00012553357985982513,0.1459622909127019
0.027339616846460205,0.00012427075477513275,0.1457827482046836
0.027500910746800326,0.00012299634136460049,0.14560408292025281
0.02766194190587836,0.00012171320949663298,0.14542640429069983
0.027822639915564613,0.00012042410033944735,0.14524982282311164
0.027982938655205177,0.00011913197571880749,0.14507447047990688
0.028142776069594668,0.00011783965448705801,0.14490046603585485
0.028302110404662916,0.00011654993464897186,0.14472786703661125
0.028460850180692547,0.00011526558273273638,0.1445568126298419
0.0286189359083683,0.000113989694579477,0.14438739655195865
0.02877630326487864,0.00011272557885310735,0.14421967781216888
0.02893292869754709,0.00011147575913491354,0.14405372921560064
0.02908875004923168,0.00011024318505855176,0.14388959427304618
0.02924371312231223,0.00010902988689596146,0.14372733212257405
0.02939776781689658,0.00010783782691746508,0.14356703009528052
0.02955086660986586,0.00010666877076153514,0.1434087605880378
0.02970295565391664,0.00010552476138451556,0.14325256235478692
0.02985398849132653,0.00010440738193538609,0.14309849202047248
0.030003919376359017,0.00010331828317724594,0.1429465981302417
0.030152672234955123,0.00010225941316444235,0.14279692170440297
0.030300213619655205,0.00010123276504236676,0.14264951803204076
0.03044650152939424,0.00010024069723567871,0.14250437659546214
0.03059150289092379,9.928481624885397e-05,0.1423615034589891
0.03073516056476934,9.836643189975739e-05,0.1422209259960076
0.030877451902039707,9.748612473535514e-05,0.1420826611262493
0.031018351477806225,9.664422327382786e-05,0.14194671953876797
0.031157784023879653,9.584132882961456e-05,0.14181316811178027
0.03129573212759627,9.507842669499614e-05,0.14168199728952696
0.031432178240621216,9.435607860476558e-05,0.14155319060769095
0.03156707959155829,9.367454212485499e-05,0.1414267542957502
0.031700421590804044,9.30343462771236e-05,0.1413026578847382
0.031832191087401464,9.243586916920072e-05,0.14118086311139413
0.03196232490220908,9.18797095607533e-05,0.14106138455316167
0.03209081958193677,9.136669377834268e-05,0.14094416485816721
0.032217652715973676,9.089611058206113e-05,0.14082919722250586
0.03234280863985828,9.04668023355383e-05,0.14071649324059415
0.03246626356516749,9.007860481848432e-05,0.14060604074868271
0.032588005154970415,8.97307601490401e-05,0.14049783729706747
0.032707988277705116,8.942326759040631e-05,0.14039188247673107
0.03282623199335664,8.915582536038912e-05,0.140288128362474
0.03294272228496721,8.892793104782502e-05,0.1401865278607516
0.03305742811516405,8.873911295580747e-05,0.14008708485664273
0.0331703436052161,8.858932281204976e-05,0.1399897319549481
0.033281471352129326,8.847774285005815e-05,0.13989442502551616
0.03339079541175499,8.840293236239675e-05,0.1398011752677321
0.033498328439181664,8.836338470697376e-05,0.13970995368840564
0.033604048088128044,8.835762576281074e-05,0.13962073414849205
0.03370791523650603,8.838439049252123e-05,0.13953354062977044
0.033809947007817906,8.844272562761899e-05,0.13944832498165838
0.03391013408274572,8.853173478153059e-05,0.13936507096391518
0.03400850423073777,8.8650085084363e-05,0.139283745613032
0.0341050258904012,8.879692038444812e-05,0.13920434961628814
0.034199724875009385,8.897159208177273e-05,0.13912681064052956
0.03429259371501458,8.917321112743876e-05,0.1390510596291467
0.03438365043673622,8.939912325946277e-05,0.13897709834106975
0.03447288427490355,8.96472186903876e-05,0.13890496164073424
0.0345602868504755,8.991607523061472e-05,0.13883467793793686
0.03464586389320818,9.020441708786246e-05,0.13876617886234902
0.03472960717170058,9.051058488572376e-05,0.1386994848095753
0.034811512262554994,9.083360086457488e-05,0.13863460648370374
0.03489160459884354,9.117239480273585e-05,0.1385715124927357
0.034969882970748205,9.152604740391252e-05,0.1385102028299779
0.035046342952836235,9.189383658960821e-05,0.13845063984814182
0.035121016392156805,9.227460297246405e-05,0.1383927758699009
0.03519389238825674,9.266632001684612e-05,0.13833664888734046
0.035264993456138045,9.306729670589264e-05,0.13828228833717485
0.035334310097111424,9.347582181202958e-05,0.13822971704938994
0.0354018335132788,9.3890832717837e-05,0.13817895563632848
0.03546759152155829,9.431083768888943e-05,0.13813000883293222
0.03553158385654385,9.473466770420953e-05,0.13808291236999432
0.0355938297887356,9.516161777247438e-05,0.13803763591347165
0.03565432519156973,9.559112308199834e-05,0.13799417840370537
0.03571310397080589,9.602219114754238e-05,0.13795251770031816
0.03577017294447945,9.645405811023548e-05,0.1379126655609115
0.035825551307502874,9.688490386449241e-05,0.1378746451930748
0.03587923190383129,9.731323758645657e-05,0.13783851159647587
0.03593121644944499,9.773781777146411e-05,0.13780433331385597
0.03598150812480358,9.815784958964713e-05,0.13777217276156362
0.03603015365028597,9.857235815637587e-05,0.1377419928551272
0.03607714453136696,9.898047774907412e-05,0.13771382359165715
0.03612248341162439,9.938168784988336e-05,0.13768771077602704
0.03616616795945127,9.977577490471432e-05,0.1376636604460771
0.03620823060929088,0.00010016271739892471,0.1376416721108994
0.03624867361752775,0.00010054276857718966,0.13762173904647337
0.036287503299502775,0.00010091448735549646,0.13760394557409933
0.036324716874110735,0.00010127667925167547,0.13758834193298924
0.036360369323217415,0.0001016280283528194,0.13757494197432643
0.03639446048018305,0.00010196748516871672,0.1375638205872505
0.03642698142901275,0.00010229455450816425,0.13755501210156204
0.036457932948033026,0.00010260910724937115,0.13754857291038627
0.03648731123780886,0.00010291182011124322,0.13754452242090942
0.03651514681333913,0.00010320325451093545,0.13754286621057119
0.036541439160602186,0.00010348360632462928,0.13754359904233276
0.03656619728470108,0.00010375312644096885,0.1375467366347517
0.03658942767538447,0.0001040108977085945,0.13755235985198644
0.036611136324232345,0.00010425632634926547,0.1375605419716092
0.0366313430454709,0.00010448907592331384,0.13757129230730175
0.036650082272514824,0.00010470786470797964,0.13758466120252508
0.036667350437594115,0.00010491245837415119,0.13760070869142949
0.03668313724152781,0.00010510314233690116,0.13761945149504332
0.0366974411707811,0.00010528043713597668,0.13764092690873642
0.03671027049086046,0.00010544491565110067,0.1376651836038941
0.036721627935629615,0.00010559775480431772,0.13769223478700815
0.036731510721852476,0.00010573995245842746,0.13772205255588957
0.03673992104154093,0.00010587093330291146,0.13775470062206963
0.036746867429938566,0.00010599011465400384,0.13779026230923547
0.036752349844781526,0.00010609767418440586,0.1378287860715923
0.036756374622667586,0.00010619368441815884,0.13787033473992905
0.036758938695854004,0.00010627832876698444,0.13791493309157063
0.03676003919795126,0.00010635224137444337,0.1379626003304988
0.03675968149080262,0.00010641595779136375,0.13801336897413707
0.03675787189554101,0.00010647023768758823,0.13806725952118068
0.03675460239824453,0.00010651609841117608,0.13812422789193682
0.036749857961806014,0.0001065539731606715,0.13818429977899727
0.03674366842227137,0.00010658351008323222,0.13824750692221957
0.0367360374811778,0.00010660424201469238,0.1383139048397964
0.036726943859246124,0.00010661599587980151,0.13838356561643153
0.036716388931808536,0.00010661921780325581,0.13845652278194825
0.036704396346819136,0.00010661350027603474,0.1385327602948696
0.036690935637034676,0.00010659888085102097,0.138612328556921
0.036676001467831724,0.00010657632631764987,0.13869523693651362
0.03665959616235986,0.00010654669439640235,0.13878150686852309
0.03664171623278039,0.00010651134464502448,0.1388711228655283
0.036622338145432046,0.00010647149977670101,0.13896408013790862
0.036601482719621346,0.0001064272618722187,0.13906037930989806
0.03657912974781811,0.00010637799331484048,0.13916009659972936
0.036555279686793764,0.00010632374707588625,0.13926327097996377
0.036529905144496506,0.00010626417945428602,0.13936995567530172
0.0365030009315255,0.00010619981008092426,0.13948017176710062
0.03647453952832632,0.0001061312740672002,0.1395939526897756
0.036444516430992994,0.0001060596005530443,0.13971129390847922
0.03641290547349385,0.0001059856862132531,0.13983220259584758
0.03637970496547077,0.00010591063398533936,0.13995664764715385
0.03634491366647598,0.00010583537517094858,0.14008458625627523
0.03630852783781861,0.0001057593509787256,0.14021603211348493
0.03627052621251994,0.00010568168576027312,0.14035104861839684
0.03623090658714816,0.00010560216156095144,0.14048966421313844
0.036189642185343006,0.0001055206992075968,0.1406319223429628
0.03614672650267311,0.00010543772050001341,0.1407778304417947
0.03610213943104515,0.00010535382125370341,0.14092743691048434
0.03605585924484697,0.0001052696200779514,0.14108077223638052
0.03600787952041573,0.0001051861953330443,0.14123780410072462
0.035958172189091864,0.0001051042646480679,0.14139851301038128
0.0359067365494087,0.00010502405866250221,0.14156282843093201
0.035853550450421746,0.00010494553792754691,0.14173074390041923
0.03579859543224047,0.00010486743750338173,0.14190233378955658
0.035741864288626045,0.0001047894890697437,0.1420776139455155
0.03568333426302478,0.00010471169571851044,0.14225664269708768
0.03562297883961457,0.00010463418113869419,0.14243946317690478
0.03556076372431867,0.0001045575773052593,0.14262607990071643
0.03549670203332662,0.00010448210208325306,0.14281642317996782
0.035430768673121754,0.00010440775710289136,0.14301053648959236
0.03536292566724222,0.00010433549197489933,0.14320839234832253
0.03529315821426976,0.00010426631487003568,0.14340992533000674
0.03522142264398618,0.00010420015658451773,0.1436151626981019
0.03514770529151868,0.00010413630253074452,0.1438241880509192
0.035071994979752864,0.00010407472804372285,0.14403699804588616
0.03499427044053948,0.000104015056940618,0.14425365752534614
0.034914524533631294,0.00010395677567236158,0.14447415322546528
0.03483274829338192,0.00010389989047708241,0.14469851092541836
0.03474889592997179,0.00010384512881559291,0.14492671201740517
0.034662937901628,0.00010379327705459956,0.14515877668345004
0.03457483663658935,0.00010374519413958759,0.14539468121471694
0.03448457607760996,0.00010370161509303142,0.1456343662098251
0.03439211539206721,0.00010366273315884472,0.14587786409318784
0.03429745573374339,0.0001036278809123426,0.14612521254402383
0.034200562778500775,0.00010359613236905295,0.1463764364427124
0.03410141257688201,0.00010356670979247246,0.14663160578352352
0.03400002049300835,0.00010353929725584002,0.14689068877828257
0.03389634280511232,0.00010351330459623616,0.1471537129045228
0.0337903389304767,0.00010348916906429015,0.14742069271724953
0.033681975664056354,0.00010346744789741588,0.14769165080370178
0.03357122679289314,0.0001034490934303257,0.14796651687626844
0.03345806023679653,0.00010343443271616494,0.14824528502540268
0.03334244761869358,0.00010342401793877826,0.14852793494363675
0.03322436881888638,0.00010341649897943443,0.1488145570551366
0.033103814487272495,0.00010341139813627753,0.1491051830230544
0.03298075447741156,0.00010340804072649752,0.14939988275050456
0.032855171168189014,0.00010340661972045728,0.14969866321432357
0.03272702472451358,0.00010340731221258564,0.1500015409056213
0.03259627964883214,0.00010341023561451825,0.15030854333653956
0.0324629158687544,0.0001034160721936028,0.1506196326727338
0.03232689717905402,0.00010342498587665271,0.15093480534771897
0.0321882297239333,0.00010343709988181318,0.15125395320127613
0.032046875148087,0.00010345214346823412,0.15157705379806535
0.03190282123632487,0.00010346846000234258,0.15190417647012724
0.03175602959099628,0.0001034849876530595,0.15223540407788433
0.03160648822059762,0.00010350161856650358,0.1525708096458466
0.03145415184142804,0.00010351849095055246,0.15291044600936463
0.03129900059496435,0.00010353653185096077,0.15325432516668672
0.031140987829207913,0.00010355615905426751,0.15360246532624194
0.030980086735253615,0.00010357789547486055,0.15395484501242804
0.030816279602244846,0.00010360232341699437,0.15431145476088312
0.03064952126336074,0.0001036298885196797,0.15467225831720782
0.030479784145951032,0.00010366122392030504,0.1550371852356984
0.03030704865943247,0.00010369443314956537,0.15540632652117095
0.030131297759783206,0.00010372828897519186,0.15577977176261415
0.0299525142093665,0.00010376274248674932,0.15615756605682923
0.02977067525976955,0.00010379789844237377,0.15653976987158447
0.029585750482883363,0.00010383401491058843,0.15692636781000033
0.029397693915658617,0.00010387093731065983,0.1573174069114366
0.029206478607229615,0.00010390945290011826,0.15771286300935264
0.02901208123147245,0.00010394997443972804,0.15811272052361097
0.02881446585397672,0.00010399298950436777,0.15851689026987786
0.02861361003207155,0.00010403857786958497,0.1589253210344603
0.028409506524633137,0.00010408523360340455,0.15933810884351016
0.0282021350514906,0.00010413182838977938,0.1597553393264425
0.02799146828185581,0.00010417776024830358,0.16017708243664047
0.027777484843651928,0.00010422310165040171,0.16060341709618567
0.027560148792415685,0.00010426848445785717,0.1610343460506686
0.027339424701489243,0.00010431418954639718,0.16146988198661
0.027115276566448184,0.0001043606141796653,0.161910015920524
0.026887677189025395,0.00010440865811015638,0.16235471439957264
0.026656594062758523,0.00010445873194820788,0.16280392311215422
0.02642199558436914,0.00010451108105527565,0.16325756569640634
0.02618386167066734,0.00010456415588258398,0.16371571743680444
0.025942172176690953,0.00010461664427688692,0.16417849896770859
0.025696916091565873,0.00010466834070283966,0.16464596339796117
0.02544806028152602,0.00010471930768175693,0.16511816334819848
0.025195571262979336,0.00010476972238216313,0.1655951571784821
0.024939412676776986,0.00010482032901262467,0.1660769499635466
0.024679549427803333,0.0001048718544109278,0.16656352063583144
0.024415948839639316,0.00010492469438301616,0.16705485195630762
0.02414857227472245,0.00010498007003231911,0.1675508924207949
0.02387739383234386,0.00010503854035155345,0.16805153493051875
0.023602408170040667,0.00010509794189372343,0.1685568421655077
0.023323595255084678,0.00010515664959601944,0.16906694531297545
0.023040928350591343,0.00010521432652582111,0.1695819215913901
0.022754367174868867,0.00010527068801798009,0.1701018277279802
0.022463895987103494,0.00010532600195114419,0.1706267028151017
0.022169480108103608,0.00010538100433376131,0.17115654782190193
0.021871075774140995,0.00010543603959123242,0.17169133928561334
0.021568662507983137,0.0001054919099334738,0.17223100316306747
0.021262218635003216,0.00010554922478209882,0.17277548690560854
0.020951715438646053,0.00010560822715391958,0.17332470209393203
0.02063714009102337,0.00010566714135129685,0.17387870350371945
0.02031845704671004,0.00010572457456549229,0.17443758934465464
0.019995653610338497,0.00010578001426030879,0.17500146895369426
0.019668695974974407,0.00010583366859530431,0.17557043961376156
0.01933753846872951,0.00010588626033097231,0.17614451081484472
0.01900212181844638,0.00010593896844589573,0.17672375483117245
0.018662425298964454,0.00010599260019333173,0.17730811435534136
0.01831842408456153,0.00010604783092509046,0.1778975143527863
0.017970090980965817,0.0001061050992510111,0.17849187785994863
0.017617406420718518,0.00010616447725604124,0.1790910672007132
0.01726035684526444,0.00010622367393775584,0.17969511521839482
0.016898919161499427,0.00010628104612721508,0.18030416047266754
0.016533065485089513,0.00010633598355296933,0.18091833928136486
0.01616275444037338,0.00010638874489405769,0.18153769352472213
0.015787954918391727,0.00010643974050282293,0.18216228591980907
0.015408636906908735,0.00010648971153271785,0.18279213895558324
0.015024763018715888,0.00010653948805521667,0.1834271757866436
0.014636310622810055,0.00010658952643397567,0.18406733745148135
0.014243252556886802,0.00010664028305575213,0.1847124646767879
0.01384557811283681,0.00010669178270129723,0.18536241672293102
0.01344323790198064,0.00010674263092096524,0.18601726243865654
0.013036213293763253,0.00010679112343297132,0.1866771737964189
0.012624491453999274,0.0001068363648140765,0.18734222788889118
0.012208026682655406,0.00010687824689452936,0.18801254086069288
0.011786790523355472,0.00010691741578581998,0.18868816161722304
0.011360744812684356,0.00010695488654215901,0.18936907343605813
0.01092984977490696,0.00010699181074785063,0.19005524473416854
0.010494105012883235,0.00010702879781101194,0.19074656974140006
0.010053479863967579,0.00010706588639393745,0.1914428507441118
0.009607964968724549,0.00010710286620180357,0.19214390283944563
0.009157536345680421,0.00010713837916770443,0.19284975890160458
0.008702148605368082,0.00010717027294827664,0.19356061693094043
0.008241766408623934,0.00010719806716453923,0.19427664621267932
0.007776341527803012,0.00010722170446045305,0.19499796698742003
0.00730584948369473,0.00010724177074637236,0.1957245863625969
0.006830267119240342,0.0001072589528976824,0.19645649421340142
0.006349569187139822,0.00010727375278283181,0.19719359143266427
0.005863742281885174,0.00010728638744963176,0.1979357152857698
0.00537279655680277,0.00010729698534190185,0.19868266472204807
0.0048767656438986375,0.00010730449995615254,0.1994341469572121
0.004375628439550603,0.00010730735669040022,0.20019011908363973
0.0038693097559008714,0.00010730309527166915,0.20095088778159906
0.003357745575753925,0.00010729165710467377,0.20171664474557294
0.0028408758840803667,0.0001072735182618255,0.20248753753704732
0.0023186743315228827,0.00010724965734112217,0.2032635734426335
0.0017911068988725291,0.00010722144793285026,0.20404469807554815
0.0012581677229936239,0.00010718885357330572,0.2048308058123608
0.000719869286862946,0.00010715006108765948,0.20562166369081888
0.00017627350240756272,0.0001070967312612688,0.20641698476663212
-0.0003724977098419288,0.00010702903621112364,0.20721632941320006
-0.0009259919815591731,0.0001069599109830217,0.20801773287959774
-0.00148259208690058,0.00010688883669402118,0.20881663406803547
-0.0020407780497129725,0.00010680550079631718,0.2096086972323582
-0.0025995810813778083,0.00010677803799397479,0.21039007149971914
-0.003158303235623149,0.00010679955775189167,0.2111595225541125
-0.003716416603846701,0.00010681887011457892,0.21191742415597578
-0.004273449659639172,0.00010683700586969886,0.2126638422463776
-0.004829039915760893,0.00010684871438160977,0.21339909452496303
-0.0053828779407295285,0.00010686400424411688,0.2141235080284023
-0.005934717938060094,0.0001068839375882231,0.21483743200696698
-0.006484462091604864,0.00010691924898859539,0.2155417692450049
-0.007032255002728471,0.00010697608938019766,0.21623790403229978
-0.007578124363196156,0.00010707487375695734,0.21692575762224298
-0.008122128920696177,0.00010721427754107939,0.21760579493836413
-0.008664285302844724,0.00010739780464506792,0.21827819885635139
-0.00920461495493538,0.00010762760528101809,0.21894321922569374
-0.009743121627846869,0.00010790931060028669,0.21960101628532197
-0.01027980591526775,0.0001082447104100352,0.22025185139084993
-0.010814640612709559,0.0001086327650077961,0.2208959204706434
-0.011347647099474572,0.00010909307172023014,0.2215334113832735
-0.011878886057258444,0.00010961383792835509,0.22216434092441745
-0.0124081508140871,0.00011019818456475736,0.22278838611866567
-0.012935408764692815,0.00011083937887733433,0.2234059278262068
-0.01346052514906171,0.00011154252490519376,0.2240169759481261
-0.013983423366514553,0.0001123052688060769,0.2246217737573974
-0.014504022638279497,0.00011313039796905594,0.22522046117425465
-0.015022253055478533,0.00011401734065432775,0.22581321262539866
-0.015538030332888591,0.00011496738062674604,0.22640020467562816
-0.016051302528391525,0.00011598310195143157,0.22698156973988765
-0.016562013091074548,0.00011706226891291196,0.22755747381653937
-0.01707007890256035,0.0001182080814065269,0.2281280414197874
-0.017575301476735406,0.00011941887294886723,0.2286928678501394
-0.018077695378415717,0.00012068500056127931,0.22925240513546935
-0.018577146187259242,0.00012201993870796407,0.22980664126657382
-0.019073605449817496,0.00012341139775470312,0.23035586666847332
-0.0195669879053148,0.00012487127386764395,0.23090021121180215
-0.020057259646844402,0.00012639371373791557,0.23143985856070204
-0.02054436202590564,0.00012798315208483284,0.23197493802679583
-0.02102825581003086,0.00012963230314154848,0.23250561411199108
-0.02150889588353142,0.00013134623690039179,0.23303201901002546
-0.02198622415762255,0.0001331250504265834,0.23355428498818767
-0.022460005313120212,0.00013496752323572498,0.2340720633896087
-0.02293033064272814,0.0001368649985453923,0.23458589033197222
-0.02339706238795172,0.00013882762028026953,0.23509559711705158
-0.023860245446613186,0.00014084361696516812,0.23560158186358993
-0.024319757618780084,0.00014292736179736897,0.2361037469733136
-0.024775632736458685,0.0001450668904697597,0.23660240563399848
-0.02522781551787649,0.000147265418790079,0.2370976115662642
-0.025676293028685696,0.00014951887370889984,0.23758950126172976
-0.026121066807704006,0.00015183152540286087,0.23807818526551086
-0.026562104257448132,0.0001541966124925722,0.23856369821284176
-0.02699915559085515,0.00015661947437561655,0.23904574389853922
-0.02743235058122215,0.00015908875786821972,0.2395248342690275
-0.027861539974818217,0.00016161648965384707,0.24000077470232956
-0.028286799507109512,0.00016418468844369975,0.24047390411641692
-0.028708027001387942,0.00016680663541208222,0.24094414563114655
-0.02912530558190563,0.00016946924182458282,0.24141177981563347
-0.029538520544648523,0.00017218292547570201,0.24187668837731494
-0.029947733489316685,0.0001749340201150614,0.24233910508682285
-0.030352877508782385,0.00017772967302509521,0.2427989915998363
-0.03075399304380931,0.00018056374303851238,0.24325651650631602
-0.031150791505925455,0.0001834421145246519,0.24371132474220616
-0.03154345077736775,0.0001863466428369205,0.24416389431413718
-0.031931771471509905,0.00018929383398130802,0.24461400516187592
-0.03231586484420581,0.00019226289771909975,0.24506200400959377
-0.032695587368943395,0.0001952695683056338,0.24550774334048447
-0.03307104499872871,0.0001982931316600344,0.24595148927325575
-0.03344210713814296,0.000201350434702985,0.24639310943447296
-0.0338088444582462,0.000204420368342781,0.24683281414718372
-0.03417115660876577,0.0002075182309820031,0.24727050379001692
-0.0345290910600307,0.00021062409813229392,0.24770632647546958
-0.03488239917359274,0.0002137523104697102,0.24813999672857479
-0.0352311852823369,0.0002168798402251851,0.24857189068167415
-0.035575268248292415,0.0002200262887483786,0.24900189182292834
-0.03591474414237423,0.00022316684682691044,0.2494302710572489
-0.03624944791297379,0.00022632146869014714,0.24985689545337636
-0.03657947740549159,0.00022946429675102991,0.250282008697262
-0.03690469098721153,0.00023261670683122465,0.2507054672302763
-0.037225148013728546,0.00023574819292842154,0.25112745996355634
-0.03754073770863673,0.0002388806333732093,0.25154787940402995
-0.03785151410689008,0.00024198841079649516,0.251966861851406
-0.038157177730123934,0.00024509135294628094,0.2523842073213892
-0.038457822834355414,0.00024815990937043867,0.2528002740315852
-0.03875324221731745,0.00025122167946665973,0.2532149599579849
-0.03904350827333963,0.00025424384298669024,0.2536285297436994
-0.039328458260800225,0.0002572518615929192,0.25404086960246314
-0.03960812133240524,0.0002602147707809128,0.25445220486436254
-0.039882359885453404,0.00026315405303961484,0.2548624387627297
-0.04015117435514386,0.00026604319988872123,0.25527174692792826
-0.04041440969654808,0.00026890323976718747,0.25568003156729374
-0.040672099726987106,0.00027170162347495017,0.2560874602230627
-0.040923913252160875,0.00027446078373511345,0.2564938593949166
-0.04116989933402896,0.00027714328104313406,0.25689960393608063
-0.04140978747556679,0.0002797676483263116,0.257304605189151
-0.04164369833718327,0.0002823198713227414,0.25770917763074097
-0.04187149292222217,0.00028483840639393704,0.2581133153446089
-0.042093284057334555,0.000287286699810741,0.25851728566040383
-0.04230897165802356,0.0002896928754981742,0.2589211422090372
-0.04251873341324076,0.0002920307577800609,0.25932520814319443
-0.042722450638152575,0.00029433807227509693,0.2597293784870474
-0.042920271044021595,0.0002965734448946847,0.26013392883219727
-0.0431119791630582,0.0002987682607996191,0.2605387963500039
-0.043297775110449674,0.00030087568790226925,0.26094441227200527
-0.04347754418571866,0.00030293618262114923,0.26135084923042723
-0.043651442818523824,0.00030490550295970384,0.26175845942752296
-0.04381933824978986,0.00030682420214454484,0.26216725747151587
-0.04398136886457551,0.00030864816775867546,0.2625775143063736
-0.04413741041602098,0.0003104184154430853,0.26298918150998857
-0.04428756665443711,0.0003120917989599549,0.263402440407592
-0.04443169524584464,0.00031371199015056884,0.263817204952663
-0.04456990708915674,0.0003152345263569862,0.2642336065557694
-0.04470201806903509,0.0003166997966722404,0.2646515379115513
-0.04482815131520376,0.0003180657875059274,0.26507133845469427
-0.04494822857339807,0.00031937468240245034,0.2654930703453787
-0.045062385763894305,0.00032058555291844835,0.265916998012254
-0.045170491757357434,0.000321739839626058,0.26634307693266007
-0.04527266732719627,0.0003227981802315877,0.2667714965070787
-0.04536877911500868,0.00032380423815377385,0.2672021242323543
-0.04545896360654646,0.00032471278790527645,0.2676350954534148
-0.04554305990898788,0.00032556981637229545,0.26807024972507415
-0.04562119295424753,0.00032633468099042427,0.26850766677072785
-0.04569317212606081,0.00032704835320327157,0.2689472288912488
-0.045759172789353424,0.0003276662056108086,0.26938924107867174
-0.04581912449552085,0.0003282329276255438,0.2698337248893601
-0.04587313286796772,0.00032871019969396564,0.2702808305406582
-0.04592113371042232,0.00032913389161745647,0.27073053398626196
-0.04596322396445795,0.00032947199626259804,0.27118295113118623
-0.04599931758931725,0.00032976127923270936,0.2716379845671598
-0.04602950427128847,0.00032996848151481195,0.2720957128812069
-0.0460536993681119,0.0003301277498707276,0.27255599424178467
-0.0460720051347914,0.00033020446337044413,0.27301883000167776
-0.0460842852313859,0.0003302331140381852,0.2734840990846741
-0.046090677459175694,0.0003301826217999909,0.27395203284975517
-0.046091150418100316,0.00033008248652012815,0.2744226979149348
-0.04608581263783878,0.00032990606232804863,0.2748962515150355
-0.046074621383796935,0.0003296805812396771,0.2753726823650716
-0.04605765842557084,0.00032938014544106094,0.2758520898596498
-0.04603489102393488,0.00032903171219773425,0.27633439756244177
-0.04600637988083664,0.00032861483315998314,0.27681959877959744
-0.045972093119679446,0.00032815012392253015,0.2773075840800224
-0.04593208809569565,0.0003276198769003718,0.27779829787480687
-0.04588630352221016,0.0003270410858738343,0.2782916203078949
-0.04583481106726724,0.00032639618099500876,0.278787742339369
-0.045777647374937155,0.00032569708073143646,0.27928677572343336
-0.04571488247303531,0.00032493381585941997,0.27978884072104154
-0.04564651030124336,0.0003241184917727951,0.2802939474751689
-0.04557260319479328,0.00032324162515509825,0.2808021789313807
-0.04549312060548865,0.0003223139697232375,0.2813134599898285
-0.045408159987424715,0.00032132651254577566,0.28182780256138146
-0.04531768644306365,0.00032028898201678983,0.2823450663634755
-0.04522176041989997,0.00031919282999292025,0.282865211279795
-0.04512035751578841,0.0003180458398060257,0.2833881463830889
-0.045013499882048134,0.00031683695160653644,0.2839140099798689
-0.04490127050340912,0.0003155728497377897,0.28444298109695715
-0.04478368489918597,0.0003142493995082958,0.28497511827068084
-0.0446607908036309,0.00031286980641047146,0.2855105318342359
-0.04453259695146987,0.0003114327724489784,0.28604921051978943
-0.044399150360662255,0.0003099398624778201,0.28659117160035713
-0.04426045614291024,0.00030839092919677884,0.28713634342203426
-0.04411655257595456,0.0003067864131883419,0.2876846834495365
-0.043967428283147376,0.0003051267362342059,0.28823609232877906
-0.043813117537985655,0.000303411080065397,0.28879050532551725
-0.04365356360284812,0.0003016376409394605,0.2893480808316233
-0.04348891278660335,0.000299803270710549,0.28990902783802536
-0.043319117155180824,0.0002979107429248028,0.29047340302096425
-0.04314428430226765,0.0002959552524458416,0.2910413213706732
-0.04296434927153346,0.00029394299944201537,0.2916127482699788
-0.04277938308964255,0.00029186897779339067,0.2921877571902212
-0.04258937150619701,0.00028973894285608655,0.29276628386327186
-0.04239435103384223,0.00028754815324642943,0.29334829408325447
-0.04219431999201957,0.0002853010566384252,0.29393371493132386
-0.04198930897242302,0.0002829940560918805,0.2945224426206005
-0.04177926591728745,0.0002806277746251412,0.2951146696112683
-0.041564236832940936,0.0002781977315831772,0.2957105793366889
-0.04134426741130304,0.00027570649499710344,0.29631031792754786
-0.041119340134030735,0.00027315172293008175,0.29691393739622746
-0.04088949029005185,0.0002705348816607321,0.29752150718214426
-0.04065473493467378,0.00026785617928417607,0.29813306288818253
-0.04041501643884576,0.00026511709647360546,0.29874858457483516
-0.04017044221625028,0.00026231636357371775,0.2993680556887694
-0.0399208880486901,0.00025945713206877366,0.2999913644319895
-0.03966646366807619,0.00025653602492487306,0.3006185003363204
-0.03940699621397579,0.00025355585979842796,0.3012495967427371
-0.039142645744312664,0.00025050875727926234,0.3018849263536147
-0.038873304434970155,0.00024740145743735586,0.3025245597187883
-0.03859905789024081,0.000244227363269576,0.3031686818008445
-0.03831984049857117,0.0002409935970056795,0.3038173190896833
-0.03803571914406442,0.00023769584396920654,0.30447055286256214
-0.03774659558249571,0.0002343396157989484,0.3051283579476591
-0.037452524392327616,0.00023092106637965948,0.3057907451796194
-0.0371534499845343,0.00022744520497615102,0.3064576587252597
-0.03684939207223594,0.00022390905427939698,0.3071290360494489
-0.03654029640806861,0.00022031433675259122,0.3078050759770832
-0.036226150439604254,0.00021665748571330276,0.30848598833169816
-0.03590695470685361,0.00021294027139298613,0.30917195162983857
-0.03558266316677827,0.00020916234158041018,0.3098631020807699
-0.035253291527761466,0.0002053250677265121,0.3105595495218688
-0.034918798943605424,0.00020142961909651503,0.3112613431583618
-0.03457917626454033,0.00019747729484953397,0.31196848860667875
-0.034234427076936816,0.00019346938148314267,0.312681033286845
-0.03388445493619469,0.0001894076023425758,0.3133988932266489
-0.03352929398211325,0.00018529160614471062,0.3141220691934672
-0.03316884551374885,0.0001811225254124227,0.3148507346598426
-0.03280308450243633,0.00017689783749781597,0.3155851371242252
-0.032432036336807184,0.00017261928073455824,0.3163254682555187
-0.03205561381215162,0.0001682873163188406,0.3170718433415771
-0.03167383625121917,0.00016390257237082628,0.31782445281646476
-0.03128660774631654,0.00015946809128385253,0.31858330523732764
-0.030893983909907264,0.00015498348228874944,0.31934848959738105
-0.030495818366613504,0.0001504526043947668,0.320120000006919
-0.03009215760172591,0.00014587449492808202,0.32089782219129465
-0.02968295072020223,0.0001412531536866065,0.32168191510107286
-0.0292681273982077,0.00013658626337820933,0.3224724444535871
-0.028847646856843816,0.00013187460231344552,0.3232696952226874
-0.028421481480457134,0.00012711854873107453,0.3240738639675366
-0.027989584400258102,0.00012231906626948932,0.3248851431807761
-0.0275519283873729,0.00011747761184814344,0.3257036756351567
-0.027108481596733493,0.00011259652938726398,0.32652955761324537
-0.026659185661125046,0.00010767717124103949,0.32736280824181485
-0.026204008843243427,0.00010272120144216232,0.32820344500657195
-0.025742918993047908,9.773060486668692e-05,0.32905146236008187
-0.02527586587881285,9.270711869889295e-05,0.32990680187758153
-0.02480278368448429,8.765065014402636e-05,0.33076963924655495
-0.02432365305600642,8.256099343383698e-05,0.3316402642192707
-0.02383839069211247,7.743943620446028e-05,0.33251890820784274
-0.023346935996064164,7.228673449092634e-05,0.33340570491325283
-0.022849307615228083,6.71045031771434e-05,0.3343008265294448
-0.02234541063011902,6.189530262454435e-05,0.3352043668797133
-0.021835234032822653,5.6660264425771436e-05,0.3361163605015954
-0.021318744909106215,5.140180910024928e-05,0.3370368300905258
-0.020795892459380245,4.6121405631457786e-05,0.33796577195010136
-0.02026666500119736,4.0820578584415654e-05,0.3389031312484458
-0.019730994319506936,3.549974990635877e-05,0.3398490538524222
-0.01918883339925653,3.0158720095395555e-05,0.34080382611061744
-0.018640115083664345,2.4798710249923537e-05,0.3417676771304863
-0.01808479989542497,1.9420813702384275e-05,0.3427407935449433
-0.01752282664720979,1.402631459550131e-05,0.343723308547321
-0.016954193553281698,8.61713008701301e-06,0.34471530774092274
-0.016378837662211137,3.1956157848675617e-06,0.34571685710490935
-0.015796746797012932,-2.236974054079977e-06,0.3467279711278473
-0.015207879288033525,-7.678326632753737e-06,0.3477486088438432
-0.014612250579899037,-1.3127359016314387e-05,0.3487786942269783
-0.014009757288337208,-1.8583336471138483e-05,0.3498183630185049
-0.013400364109664085,-2.4046783833130384e-05,0.35086792524224264
-0.012784055483207435,-2.9516488751201288e-05,0.35192761591151916
-0.012160739706934404,-3.499144190850363e-05,0.3529976051032633
-0.01153039420775923,-4.047053784965102e-05,0.35407804031036083
-0.010892976019258484,-4.5951621597670384e-05,0.35516900726386963
-0.010248461498964826,-5.143319182103396e-05,0.35627054761387567
-0.009596828473372286,-5.691335844139866e-05,0.35738265616647924
-0.008938064077856673,-6.23905750175635e-05,0.3585052822142858
-0.008272185099709915,-6.786352543903606e-05,0.3596383261681188
-0.0075991410448209345,-7.3331570103346e-05,0.36078189504790226
-0.006918878461362608,-7.879512315995112e-05,0.3619363041087399
-0.0062313146238680475,-8.425367495044702e-05,0.36310178610064237
-0.0055364572920346775,-8.970648322942445e-05,0.3642785585530958
-0.0048342220992388454,-9.515167758646655e-05,0.36546672942568464
-0.004124640977963963,-0.00010058837167261522,0.3666664050760098
-0.0034076446003991623,-0.0001060142634860981,0.3678775814940626
-0.0026832842650955178,-0.00011142854620244854,0.36910026038246774
-0.0019514815434761692,-0.00011682865889623874,0.37033431527646454
-0.001212272783788547,-0.00012221430599486824,0.37157965789675174
-0.0004656637439758148,-0.00012758446515558395,0.37283637075385834
0.00028844338593315164,-0.00013293978968677254,0.37410474050734643
0.0010500723655973748,-0.0001382805362034766,0.37538504170046777
0.0018192773288699116,-0.00014360556013885402,0.37667749763628494
0.002596078909951951,-0.00014891363748715058,0.3779822180262159
0.0033804858433954207,-0.00015420378448394729,0.3792992761620446
0.004172516558927475,-0.0001594733912926125,0.38062867994491845
0.004972152964362447,-0.00016472158000953112,0.3819703742858561
0.005779366592834384,-0.00016994735930283894,0.3833242515728195
0.006594162977676224,-0.00017514929802363494,0.38469015492126807
0.007416520229527183,-0.0001803274822548612,0.38606809186478963
0.008246514564282145,-0.00018548246108624018,0.3874584221851106
0.009084230308426759,-0.000190614376404261,0.38886141301593957
0.009929659616856835,-0.000195722744847994,0.3902773220282465
0.010782842090943094,-0.0002008058777793547,0.39170627515514045
0.011643835211983295,-0.00020586261753661604,0.393148322974212
0.012512575579845735,-0.00021089165910920983,0.3946034749330297
0.013389054492959521,-0.00021589132761967646,0.39607166100591495
0.014273259170164148,-0.00022086098181480992,0.39755270596236353
0.015165095094614379,-0.0002257996820074995,0.3990464050629963
0.016064536952487992,-0.00023070718450067702,0.40055266163166253
0.01697173430658504,-0.0002355847499862678,0.4020719063231475
0.017886712526162803,-0.00024043302329727976,0.40360449012920196
0.018809481260347823,-0.0002452508345720198,0.40515064897410796
0.0197401113412622,-0.0002500368556540552,0.4067105185802308
0.020678550410423713,-0.00025479009221987504,0.40828418780459186
0.02162485400227855,-0.0002595085292445837,0.4098716177541414
0.022578913887124113,-0.0002641913447450947,0.41147269504529616
0.02354072176386564,-0.0002688371765442776,0.41308721735879483
0.024510137370575176,-0.00027344588455222734,0.41471489597990313
0.025487144872867646,-0.0002780172306765593,0.4163555086740173
0.026471816126535274,-0.0002825535136612709,0.41800953040145605
0.02746421893024645,-0.0002870545514317399,0.4196773738705884
0.028464398077168766,-0.000291520123662575,0.42135928672729295
0.029472357309800915,-0.0002959491666830417,0.4230554184156959
0.030488080966170863,-0.0003003399914834744,0.4247658007183656
0.03151147247071742,-0.0003046911341763582,0.42649033918024243
0.03254249544401265,-0.00030900136008428904,0.4282288167232173
0.03358101172273726,-0.00031327051409180264,0.4299808941034604
0.03462685674193283,-0.00031749835061557443,0.4317461945283193
0.035679684669862245,-0.0003216861325738475,0.433523630515512
0.03673724956841271,-0.0003258425101184415,0.43530732424757856
0.037797275829358934,-0.0003299860095924567,0.4370915007021034
0.03885751339088202,-0.00033414004398361603,0.4388705157117052
0.039916154254036766,-0.00033828497679693886,0.44063849257799464
0.040971801706212604,-0.0003423761211424352,0.4423909842168612
0.04202514650895154,-0.00034639702207215283,0.44412856285930546
0.04307655047626938,-0.0003503919630280456,0.4458513938492918
0.04412646287301983,-0.0003543877184077843,0.4475597126699286
0.045175217976692814,-0.00035840744238678637,0.44925383560817
0.046223144871399884,-0.00036246595775222726,0.4509341577395164
0.04727135412706196,-0.00036657499535466836,0.4526043949181167
0.04831946665415403,-0.00037076473025660935,0.45426422899607105
0.04936745585860621,-0.000375010540999882,0.45591402873569603
0.050415167391705686,-0.0003792989350896637,0.4575538622361441
0.05146254403059812,-0.0003836110439197011,0.45918382400653385
0.05250954718166845,-0.0003879317325567798,0.46080400130579974
0.05355610481189072,-0.000392247920427952,0.46241437313168776
0.0546021563806074,-0.0003965482959523183,0.4640149633297825
0.0556477001215134,-0.000400824785440626,0.465605801792361
0.05669268895799824,-0.00040507211067187436,0.46718681362178344
0.05773676118974924,-0.0004092863607760159,0.46875696492270036
0.05878000944036057,-0.0004134583336629412,0.47031648948951277
0.05982247416657194,-0.000417591933072908,0.47186543693935057
0.0608642210704251,-0.00042168878598782445,0.4734038549104346
0.06190525255101834,-0.0004257519600229513,0.4749317677096379
0.06294561682268,-0.0004297834348748503,0.4764492343618742
0.06398534376593891,-0.000433785899879224,0.4779562871613364
0.0650244603820407,-0.00043776167644109346,0.4794528847534685
0.06606300782600971,-0.0004417128274394254,0.48093909565473775
0.0671010280452788,-0.0004456416022763769,0.482414913195031
0.06813825399537872,-0.0004495499113638678,0.48387941243743693
0.06917482957983385,-0.00045343550252818966,0.48533286087796335
0.07021077859541425,-0.000457302139072697,0.4867753009751994
0.07124619891714673,-0.00046115124178463894,0.4882068164514906
0.0722811317812187,-0.0004649849448379184,0.48962746417611275
0.07331559397871364,-0.0004688043619697884,0.49103730321305367
0.07434963485020984,-0.000472610308862906,0.49243638082718066
0.07538326297950053,-0.0004764032812872333,0.4938247710073286
0.07641654610701891,-0.0004801834013362245,0.4952025357680428
0.07744947741397581,-0.0004839513432117407,0.4965696456189293
0.07848185400835074,-0.0004877071857083469,0.49792534348479406
0.07951383273793383,-0.0004914506187937714,0.4992698847063592
0.08054540241492526,-0.000495182495171984,0.5006032767589756
0.08157666228085841,-0.0004989031407883111,0.5019256558072595
0.08260759655883226,-0.0005026128932781605,0.503237029805037
0.08363831437890032,-0.0005063119956758629,0.5045375326783609
0.08466876875626306,-0.000510000668274072,0.505827158727999
0.0856990052471847,-0.0005136787277842296,0.5071060470832115
0.08672903655689322,-0.0005173460653181061,0.5083742058302531
0.08775885299981115,-0.0005210027056710478,0.5096316477658636
0.08878833460383595,-0.0005246487570175713,0.5108777929737301
0.0898175379594459,-0.0005282856340086885,0.5121127574816872
0.09084652004844378,-0.000531912278124488,0.5133365620402647
0.09187533235733196,-0.0005355294318829918,0.5145493409068317
0.09290401619374063,-0.0005391369363530464,0.5157511509711953
0.09393257029038192,-0.0005427352748470731,0.5169420646061462
0.09496102250187387,-0.0005463242064939631,0.5181221357860044
0.09598935801618722,-0.0005499037861307793,0.519291421094723
0.09701755353137656,-0.0005534737598310693,0.5204499167786949
0.09804565806735413,-0.0005570339703813045,0.5215977428548609
0.09907352096134582,-0.0005605848038145495,0.5227343888919165
0.10010123006749086,-0.0005641283009671336,0.5238598861924401
0.10112883002288924,-0.0005676638276401353,0.5249742525634117
0.10215638013563512,-0.0005711918057666512,0.5260776404058712
0.10318390881371785,-0.0005747119342549033,0.5271700630171791
0.10421139175545927,-0.0005782245743946662,0.528251639217921
0.10523885409928442,-0.0005817292237892601,0.5293223635093038
0.10626626878477888,-0.0005852261516045279,0.530382320791777
0.10729367022987785,-0.0005887150924039254,0.5314315217448243
0.10832101814592683,-0.000592196220675986,0.5324700328000996
0.10934823000104818,-0.0005956703694587464,0.5334974425882612
0.11037538505478442,-0.0005991389051770807,0.5345137599710471
0.1114025368884316,-0.0006026024400947815,0.5355190031957507
0.11242971975665458,-0.0006060603468212189,0.5365133026103212
0.11345694539312788,-0.0006095129848149381,0.537496650786673
0.11448423798210985,-0.0006129602244806697,0.53846910714521
0.1155115650264262,-0.0006164022121245286,0.5394307856361332
0.11653892951487796,-0.0006198383287696354,0.5403816470991549
0.11756633682122744,-0.0006232685232925764,0.5413218159036227
0.11859376965430067,-0.0006266929137204696,0.5422512860257098
0.11962115083886457,-0.0006301123241376032,0.5431697656859261
0.12064852152587158,-0.0006335277280774376,0.5440771589112253
0.12167599240684154,-0.0006369403039257526,0.5449735690364857
0.12270352991023611,-0.000640350396961728,0.5458589736872135
0.12373120817337445,-0.0006437567651457688,0.5467335121314687
0.12475897566177019,-0.0006471607508893464,0.547597188274339
0.12578686924469126,-0.00065056041625123,0.5484500754095183
0.12681486570659461,-0.0006539573912327528,0.5492921769034427
0.1278429669014417,-0.0006573502724664421,0.5501235622215838
0.1288711369227553,-0.0006607397100402189,0.5509442628347547
0.12989933223594186,-0.0006641261016309403,0.5517540737194327
0.1309275602350636,-0.0006675105140203136,0.5525527919150713
0.13195595613283814,-0.0006708928471702763,0.553340620853116
0.1329845226967373,-0.0006742770296752408,0.5541174759056634
0.13401326053619564,-0.0006776586978814665,0.554883460108874
0.1350421631024844,-0.0006810410825991342,0.5556386191598923
0.13607123738529503,-0.0006844212223303443,0.5563829928961678
0.13710042614209997,-0.0006878008168248469,0.5571165884682052
0.1381297744857926,-0.0006911776800664753,0.5578394972603251
0.13915925585691025,-0.000694553581094762,0.558551729753052
0.14018880873424494,-0.0006979285545520517,0.559253121698871
0.14121846885478959,-0.0007013027025642777,0.5599435373273394
0.1422483456244088,-0.0007046775375583691,0.560623031245332
0.14327841699150942,-0.000708055439992705,0.5612916089312262
0.14430873455129034,-0.0007114339030485156,0.561949340876498
0.14533926513117806,-0.0007148149617310861,0.5625962824746912
0.1463699922163401,-0.0007181964502587138,0.5632324383441022
0.14740090392381158,-0.0007215784518334608,0.5638578834312801
0.14843197468899164,-0.0007249614086809512,0.5644725878608764
0.1494632416760204,-0.0007283433453664015,0.5650766365780225
0.15049465081396868,-0.0007317275673618124,0.5656699706009344
0.15152620077118442,-0.0007351139412552166,0.5662523007341072
0.15255802269831137,-0.0007384998300546271,0.5668238429320293
0.15359007929169535,-0.0007418936860311765,0.5673844817208638
0.15462239219579874,-0.0007452880475774265,0.567934309249256
0.15565499194636234,-0.0007486876160711056,0.5684733764172782
0.15668781908207008,-0.000752090453231956,0.5690016874284334
0.15772086835147164,-0.0007554955245578117,0.5695192803708914
0.15875416825042374,-0.0007589027841807825,0.5700262228118176
0.15978764850830582,-0.000762313269841979,0.5705225062822036
0.16082133646778468,-0.0007657248548812309,0.5710081132912034
0.16185519874021018,-0.0007691425372509746,0.5714828203143733
0.16288935202565605,-0.0007725606471653794,0.5719467211276908
0.16392379919117958,-0.0007759875771412201,0.5723998101404638
0.16495856113354132,-0.000779418071711214,0.5728421376329855
0.165993604725746,-0.000782855210731565,0.573273759457589
0.16702892732402413,-0.0007862971374150667,0.5736946646005798
0.16806452865776178,-0.0007897429497894719,0.5741048972976045
0.1691003834588127,-0.0007931940750842654,0.574504478392916
0.170136496548002,-0.000796648562680478,0.5748934292693201
0.17117282060510078,-0.0008001070998871684,0.575271794577284
0.1722093708991764,-0.0008035728151670359,0.5756393309852509
0.17324623550342158,-0.0008070406180849145,0.5759961195991834
0.17428344380183222,-0.0008105182863013601,0.5763421603430122
0.17532099742958077,-0.000814002134360278,0.5766774957988161
0.1763588973559023,-0.0008174939012515294,0.5770021228429559
0.17739710531519254,-0.000820991911589676,0.5773161075261045
0.1784356133215256,-0.000824496159569193,0.5776194965123902
0.17947440925641944,-0.000828006732456777,0.5779122506823418
0.18051346845941338,-0.0008315221155638226,0.5781944302338571
0.18155277319146176,-0.0008350427035171122,0.5784660584179201
0.1825923598631618,-0.0008385719286537105,0.5787269216735154
0.18363228393766398,-0.000842105221749411,0.5789771491466642
0.18467256449247205,-0.0008456488944647286,0.5792167006783191
0.1857132030332765,-0.0008491999887206482,0.5794456000008581
0.1867542006346029,-0.0008527592863942405,0.57966390423704
0.18779553800969642,-0.0008563274385290702,0.5798715858199073
0.1888372211498465,-0.0008599021897823971,0.5800686765733859
0.18987922060434673,-0.000863484806452514,0.5802552371094631
0.1909215101623561,-0.0008670745774225514,0.5804312490550114
0.19196406977013333,-0.0008706699094869014,0.5805967463264092
0.19300695616596208,-0.0008742743868392266,0.5807516341125697
0.19405019700152168,-0.0008778854992204442,0.5808959537539351
0.19509381077066906,-0.0008815071000889403,0.5810296496374859
0.19613782269935848,-0.0008851363661093278,0.5811528034385127
0.19718222493272242,-0.0008887765424688106,0.5812654011402812
0.19822698728656243,-0.000892425270377812,0.581367445579182
0.19927210219842464,-0.0008960818132391513,0.5814590190751957
0.2003175523309893,-0.0008997476524164088,0.5815400638223088
0.2013633091070352,-0.0009034193741863255,0.581610663711869
0.2024093663077721,-0.0009070991005257995,0.5816708247158568
0.20345576258968875,-0.0009107887721703969,0.5817204446709939
0.20450252781363293,-0.0009144857636638363,0.5817595799834735
0.20554966794506466,-0.0009181921626636059,0.5817882269465721
0.2065972169535286,-0.0009219087006457015,0.5818063777600693
0.20764515750110474,-0.0009256350475284659,0.5818140686913309
0.20869348138305466,-0.0009293708344453537,0.5818112936091685
0.2097421886192314,-0.0009331159580767989,0.5817980848687758
0.21079123897547575,-0.0009368693590192143,0.5817744592266002
0.21184061137006563,-0.000940631369350682,0.5817404128557931
0.21289027974723043,-0.0009444007445902244,0.5816959859997237
0.2139403045772375,-0.0009481789885400295,0.5816411584441679
0.21499071273963044,-0.0009519664544758764,0.5815759549148906
0.21604151643831304,-0.0009557640370955488,0.5815003445141497
0.21709272018917394,-0.0009595704263271271,0.5814143739857764
0.21814431502237963,-0.0009633874397574876,0.5813180109047491
0.21919629104576138,-0.000967212818483624,0.5812113034916244
0.22024863511101256,-0.0009710482680820837,0.5810942033119612
0.22130134974959145,-0.0009748917935593147,0.5809667769242095
0.22235440472285592,-0.0009787448229903086,0.5808290002262418
0.22340777466025277,-0.000982604719391191,0.5806809261784539
0.22446150487857622,-0.0009864745508891034,0.5805225343199574
0.22551563030857938,-0.0009903529414479236,0.5803538451189614
0.22657016661456084,-0.000994241315932019,0.5801748580674627
0.22762511047614864,-0.00099813938541894,0.5799855962650615
0.2286804343438257,-0.0010020466208540495,0.5797860486593357
0.22973613504003138,-0.0010059628419974934,0.5795762155311907
0.2307921951635174,-0.0010098877454124515,0.5793561235764184
0.231848602852496,-0.0010138208175098373,0.5791257664888775
0.23290534074479918,-0.0010177620033162986,0.5788851488215477
0.23396239072911448,-0.0010217108970500342,0.5786342782024286
0.2350197806755664,-0.0010256680187095567,0.5783732015304789
0.23607753239859905,-0.0010296329853779038,0.5781019646979237
0.23713566200045377,-0.001033607119882514,0.577820524671946
0.2381941616165885,-0.0010375895946634283,0.5775289222419892
0.2392530449638502,-0.001041581357222944,0.5772271215127736
0.24031228809934693,-0.0010455805492130214,0.5769151593070296
0.2413718917504829,-0.0010495886533874886,0.5765929995721774
0.24243182320086515,-0.0010536035164016757,0.5762606820228898
0.24349208055913704,-0.0010576260580637353,0.5759182040474485
0.24455263335702176,-0.0010616562296896267,0.5755655206323381
0.24561350421796657,-0.0010656921947185321,0.5752027444995322
0.24667472929772338,-0.001069736864049426,0.5748298984823332
0.24773633037028983,-0.0010737892946152932,0.5744469653587223
0.2487982878210659,-0.001077849157908568,0.5740539683537524
0.2498606066338978,-0.0010819167982457439,0.5736508743508504
0.25092325539016047,-0.001085991082789796,0.5732377061511419
0.2519862321532045,-0.0010900724775892582,0.572814431364443
0.25304952309146406,-0.0010941604441177524,0.5723810637136686
0.25411309421012784,-0.0010982541167173488,0.5719375965534226
0.2551769350859565,-0.001102354161562488,0.571484034513553
0.2562410649086084,-0.0011064589221915567,0.5710204530439162
0.25730551786459244,-0.0011105708327390127,0.5705469022115064
0.2583702895307197,-0.0011146883809418752,0.5700633996261806
0.2594354167800196,-0.0011188130854685088,0.5695699227367461
0.2605008671541952,-0.0011229441069901744,0.5690664429956058
0.2615666329436221,-0.0011270799151477863,0.5685529934254864
0.2626327038223563,-0.0011312216800593948,0.5680295418507477
0.26369906524665654,-0.0011353688626261395,0.5674960552409164
0.26476567605897505,-0.0011395201513182886,0.5669525553348724
0.26583252734305074,-0.0011436761524030216,0.5663990545731731
0.2668996341632081,-0.001147836530177049,0.5658355847939534
0.26796700700978604,-0.0011520002962350738,0.5652622477006267
0.2690346737736321,-0.0011561693616354831,0.5646790651857949
0.2701026204616516,-0.0011603435740563325,0.5640860059921309
0.27117085298406074,-0.001164521479949479,0.5634830501817513
0.2722393439221193,-0.0011687026514124407,0.5628701914073581
0.27330809251353244,-0.001172887156268045,0.5622474328733595
0.2743770915568878,-0.0011770759367324165,0.5616147338034627
0.2754463281896015,-0.0011812678682281822,0.5609720767233302
0.2765157634799421,-0.001185462792845055,0.5603194691802486
0.27758539468173926,-0.001189658898329654,0.5596569597089728
0.27865524528260466,-0.0011938574132621573,0.5589846810882174
0.2797253499114374,-0.0011980599824055922,0.5583026532161303
0.2807956975345491,-0.001202264353134745,0.5576108632580408
0.2818662752630021,-0.0012064707212094486,0.5569092903847913
0.2829370670503929,-0.0012106784565813966,0.5561979143466877
0.28400805620154823,-0.0012148873134042576,0.5554767133297158
0.28507924958768804,-0.0012190978173643094,0.5547456556660681
0.2861506208114533,-0.0012233096793791266,0.5540047021811371
0.2872221478519997,-0.0012275219258055452,0.5532538564359425
0.28829383788804175,-0.001231734703167943,0.5524931838722612
0.28936569674735263,-0.0012359466157590186,0.5517228400175141
0.290437748595079,-0.0012401616034572963,0.5509428100234961
0.29150997651405225,-0.0012443752004911825,0.5501531130787227
0.29258238707687195,-0.0012485896753969437,0.5493536994345473
0.29365497664355344,-0.0012528024125429034,0.5485445623497148
0.2947277363027678,-0.0012570148423715751,0.5477256754177379
0.29580065364813324,-0.0012612259513261012,0.5468970141546997
0.29687369341655034,-0.0012654361143171157,0.5460585613473102
0.2979468531780906,-0.0012696465281686184,0.5452102628271372
0.2990201271898785,-0.001273854509767703,0.5443521694172273
0.30009351202010914,-0.0012780583302827967,0.5434844839594795
0.30116702778515075,-0.0012822637422672614,0.5426072069049422
0.30224067910235825,-0.0012864662066156885,0.5417203428371231
0.3033144600096916,-0.0012906650210261386,0.5408238777655278
0.3043883624009448,-0.0012948613170627704,0.539917777574943
0.305462349770344,-0.001299052968591763,0.5390020005424261
0.30653642150281274,-0.0013032410186514071,0.5380765268354348
0.30761057424012295,-0.001307426555999414,0.5371413214609829
0.3086847993534697,-0.0013116080659158168,0.5361963597097046
0.30975909121498363,-0.0013157872080097346,0.5352416395622951
0.31083347062505995,-0.0013199591577987937,0.5342773803287796
0.3119079428887618,-0.0013241295740046477,0.5333036304117552
0.31298250833876584,-0.0013282961478792822,0.5323203797352299
0.3140571588327196,-0.0013324566297518953,0.5313276030772002
0.3151318835653487,-0.0013366109292886797,0.5303252671445274
0.31620667110997425,-0.001340758622031977,0.529313336660851
0.3172815139257902,-0.0013449015842398639,0.5282917680852136
0.31835640192888476,-0.0013490384875230175,0.5272605239053229
0.31943132563860915,-0.0013531702321153572,0.5262195685679217
0.32050625318246156,-0.001357296447977272,0.5251688840896861
0.3215812213755346,-0.001361413020052646,0.5241087366617467
0.32265623984903324,-0.0013655260473561224,0.5230391919423802
0.3237312871985523,-0.0013696321739585142,0.5219602375182676
0.3248063703311071,-0.0013737290819935222,0.5208718557447667
0.32588150992687903,-0.0013778169251812496,0.5197740061642969
0.32695666920929717,-0.001381896559052577,0.5186666323686756
0.3280318459715393,-0.0013859672196942674,0.5175496827397512
0.3291070403978283,-0.0013900293905874965,0.5164231472119075
0.33018222345564646,-0.0013940847461126346,0.5152869633323316
0.3312574004965873,-0.0013981326360481975,0.5141410834977082
0.3323325882888093,-0.0014021666807558324,0.5129858128873709
0.3334077832263813,-0.0014061970361854837,0.511821214997111
0.33448302575509165,-0.0014102161693174023,0.5106472975023126
0.33555828784301217,-0.0014142242754126978,0.5094640461625206
0.336633549811781,-0.0014182208283475422,0.5082714026072539
0.33770879881058175,-0.0014222041920745369,0.5070693350991585
0.3387840252754493,-0.0014261768009839449,0.5058577803755373
0.33985924663106126,-0.0014301375529371138,0.5046366962068931
0.34093444985828936,-0.0014340894442673344,0.5034060219003015
0.34200965194629873,-0.0014380314896263293,0.5021657198535738
0.34308487749815353,-0.0014419580865992529,0.5009160687185484
0.34416012437211335,-0.0014458776225769153,0.4996571570561991
0.34523537065431853,-0.0014497841365305956,0.4983890169645176
0.3463106195793633,-0.001453675918791335,0.4971116290634261
0.3473858729929841,-0.0014575520447357862,0.49582496797642456
0.34846110827220156,-0.0014614139518932267,0.4945289728207525
0.349536333866526,-0.0014652605902455117,0.4932235797679686
0.35061155581891584,-0.0014690937152136835,0.4919087274833756
0.35168677987895713,-0.0014729145851930853,0.4905843551351523
0.3527620071272647,-0.0014767233642763412,0.48925040914381496
0.35383718121986,-0.001480528878739887,0.48790654875816214
0.3549123062444334,-0.0014843236957506442,0.4865525627129059
0.3559873920363015,-0.0014881138399062597,0.48518835132250693
0.3570624492647615,-0.0014919028380702554,0.48381386446471486
0.35813748712767823,-0.0014956928603138747,0.4824290816114001
0.35921251262781184,-0.0014994851275834374,0.48103399916269807
0.3602875306354123,-0.0015032802448795288,0.4796286233459075
0.3613625441401272,-0.0015070784472401315,0.4782129658290331
0.3624375546041273,-0.00151087973388152,0.4767870410751743
0.3635125623067758,-0.0015146839604790465,0.4753508648364547
0.36458759353890835,-0.0015184858858161626,0.47390463872640753
0.36566265864879793,-0.001522291171342254,0.47244850430976876
0.36673775490857247,-0.0015260966010804795,0.4709825208539093
0.36781287545373775,-0.0015298996722419818,0.4695067130727163
0.3688880126717351,-0.0015336990161746859,0.4680210865378737
0.36996315961223053,-0.0015374938630544142,0.46652563608670145
0.37103831047937086,-0.0015412838582185113,0.46502035074616566
0.3721134607242559,-0.00154506889362091,0.4635052165937322
0.37318860695033323,-0.001548849015618962,0.4619802184397008
0.37426374674586427,-0.0015526243621161056,0.4604453408147893
0.37533887849801434,-0.0015563951234266228,0.4589005685490523
0.3764140012157798,-0.001560161516651211,0.4573458871058798
0.37748911437363414,-0.0015639237691765413,0.45578128276738217
0.37856421777995664,-0.0015676821080009126,0.45420674272798056
0.379639311470179,-0.0015714367529566233,0.45262225513042814
0.3807143956225848,-0.0015751879125380367,0.4510278090652661
0.38178947049384415,-0.0015789357815002042,0.4494233945469432
0.3828645363711477,-0.0015826805396641104,0.44780900247516015
0.3839395935379271,-0.001586422351544306,0.44618462458714314
0.38501464225043475,-0.0015901613665315545,0.44455025340474275
0.3860896827228123,-0.001593897719442235,0.44290588217907967
0.38716471511864453,-0.001597631531300605,0.4412515048346587
0.3882397395473432,-0.0016013629102582998,0.43958711591431165
0.3893147560640212,-0.0016050919525828313,0.43791271052592506
0.39038976467179076,-0.0016088187436667538,0.4362282842916041
0.3914647653256535,-0.0016125433590237744,0.43453383329969875
0.3925397579373445,-0.0016162658652488801,0.4328293540599423
0.393614742380652,-0.0016199863209275403,0.4311148434618222
0.3946897184968626,-0.001623704777484947,0.42939029873620294
0.39576468610008414,-0.0016274212799705803,0.42765571742014563
0.39683964498227947,-0.0016311358677765296,0.425911097324818
0.3979145949179034,-0.0016348485752902284,0.4241564365063483
0.398989535668084,-0.001638559432483816,0.42239173323945356
0.4000644669843232,-0.00164226846544336,0.42061698599365765
0.4011393886117159,-0.0016459756968418141,0.4188321934119083
0.4022143002917046,-0.0016496811463599307,0.4170373542914009
0.40328920176439836,-0.0016533848310594788,0.41523246756642024
0.40436409277049123,-0.0016570867657130944,0.4134175322930197
0.4054389730528191,-0.0016607869630949634,0.4115925476353639
0.4065138423575958,-0.00166448543423633,0.4097575128535738
0.40758870043536766,-0.0016681821886495765,0.4079124272929225
0.4086635470417251,-0.0016718772345243435,0.40605729037424243
0.4097383819378065,-0.001675570578898876,0.4041921015854165
0.410813204890627,-0.0016792622278094897,0.4023168604738357
0.41188801567326183,-0.0016829521864207787,0.4004315666397178
0.41296281406491014,-0.0016866404591389136,0.3985362197301919
0.41403759985086247,-0.001690327049710133,0.3966308194340618
0.4151123728223919,-0.0016940119613062959,0.39471536547717234
0.4161871327765862,-0.0016976951965991507,0.39278985761830815
0.41726187951613547,-0.0017013767578247833,0.3908542956455649
0.4183366128490877,-0.0017050566468395257,0.3889086793731372
0.4194113325885826,-0.0017087348651684561,0.3869530086384752
0.42048603855257244,-0.0017124114140474726,0.38498728329976617
0.42156073056353616,-0.001716086294459802,0.38301150323370375
0.4226354084481931,-0.0017197595071676939,0.3810256683335104
0.4237100720372199,-0.0017234310527399481,0.3790297785071842
0.4247847211649749,-0.0017271009315758406,0.3770238336759425
0.4258593556692317,-0.0017307691439259383,0.37500783377284064
0.42693397539092426,-0.0017344356899102237,0.3729817787415445
0.42800858017390425,-0.001738100569533895,0.37094566853523925
0.42908316986471245,-0.0017417637827011583,0.36889950311565844
0.4301577443123635,-0.0017454253292272797,0.36684328245221964
0.4312323033681447,-0.0017490852088491375,0.36477700652125405
0.43230684688542875,-0.0017527434212344704,0.36270067530531974
0.43338137471949967,-0.0017563999659899988,0.36061428879258894
0.4344558867273922,-0.0017600548426685671,0.3585178469763007
0.43553038276774325,-0.0017637080507754365,0.35641134985427164
0.4366048627006555,-0.0017673595897738379,0.354294797428459
0.4376793263875721,-0.0017710094590898823,0.35216818970456887
0.4387537736911619,-0.001774657658116908,0.35003152669170623
0.4398282044752146,-0.0017783041862193393,0.3478848084020605
0.44090261860454494,-0.001781949042736113,0.3457280348506243
0.44197701594490546,-0.0017855922269837308,0.3435612060549409
0.44305139636290714,-0.0017892337382589792,0.3413843220348774
0.44412575972594703,-0.001792873575841359,0.33919738281242134
0.44520010590214304,-0.0017965117389952567,0.3370003884114978
0.4462744347602741,-0.0018001482269718908,0.334793338857805
0.4473487461697267,-0.001803783039011055,0.33257623417866633
0.4484230400004457,-0.0018074161743426844,0.33034907440289774
0.4494973161228906,-0.0018110476321882626,0.3281118595606878
0.4505715744079955,-0.0018146774117620873,0.3258645896834899
0.45164581472713294,-0.0018183055122724117,0.32360726480392565
0.4527200369520815,-0.0018219319329224706,0.3213398849556971
0.45379424095499654,-0.0018255566729114081,0.31906245017350815
0.45486842660838345,-0.0018291797314351145,0.3167749604929938
0.4559425937850739,-0.001832801107686981,0.3144774159506559
0.45701674235820444,-0.0018364208008585833,0.31216981658380577
0.458090872201197,-0.0018400388101402982,0.30985216243051206
0.45916498318774135,-0.0018436551347218622,0.30752445352955393
0.4602390751917797,-0.0018472697737928765,0.30518668992037884
0.46131313493877296,-0.0018508826961775927,0.30283887028360423
0.46238699560898866,-0.001854493293561611,0.3004809801308949
0.463460581893688,-0.0018580986621908574,0.2981130429038911
0.46453386250662626,-0.001861699012590706,0.29573508793095665
0.46560683027340827,-0.0018652938622094328,0.29334714060736755
0.4666794914412253,-0.0018688830869818174,0.2909492200411493
0.4677518597969069,-0.0018724666044222,0.2885413387801352
0.46882395310739394,-0.0018760444553464484,0.2861235035451272
0.46989579105703505,-0.0018796167513914117,0.28369571650594305
0.470967394018151,-0.0018831836750409444,0.2812579762914405
0.47203878209975436,-0.0018867454538192441,0.2788102790707348
0.47311014878608987,-0.0018903027094085564,0.2763526329312328
